# SYNTHETIC DATA - GENERATED, NOT MEASURED - NOT AN EMPIRICAL FINDING
# generated: 2026-09-04
# generating model: five standardized latent variables, three congeneric
#   indicators each, all loadings 0.75
# structural paths into 'Risk': UnsafeActs 0.45, OperationalStress 0.30,
#   SystemCondition -0.25, SafetyResponseCapability -0.20
# exogenous latent correlations: 0.35 between every pair
# n = 1200, seed = 20260903
# columns prefixed 'latent_' are the generating latent scores. They are
#   never observable in real data and are included only so that examples
#   can compare an estimate against the value that produced it.
# regenerate with: python3 synthetic/generate_synthetic_datasets.py
unsafeacts_1,unsafeacts_2,unsafeacts_3,operationalstress_1,operationalstress_2,operationalstress_3,systemcondition_1,systemcondition_2,systemcondition_3,safetyresponsecapability_1,safetyresponsecapability_2,safetyresponsecapability_3,risk_1,risk_2,risk_3,latent_UnsafeActs,latent_OperationalStress,latent_SystemCondition,latent_SafetyResponseCapability,latent_Risk
-0.127656,-0.185488,0.316301,-1.16076,0.411446,-1.07129,0.278395,0.917746,1.90639,-0.758394,-0.632724,-0.974397,0.75093,0.0945286,-0.514314,-0.0277348,-0.395224,0.99644,-0.718417,-0.279285
-0.0587148,1.50588,0.053272,-1.52137,-0.144284,-0.496798,-0.661629,-0.467394,-0.325813,-0.231015,-0.568177,-0.570342,0.108813,1.09884,0.328243,0.25043,-0.822608,-1.30398,-0.276774,0.821704
-0.155487,-0.265324,-0.323644,1.24515,0.9857,-0.044518,-1.22397,-1.84654,-1.09481,-0.393004,-0.411896,0.362881,-0.279785,0.0240216,-0.903527,-0.0573872,0.622669,-1.29944,-0.15698,-0.583033
0.819133,0.195427,0.221484,-0.215816,-1.55265,0.400255,0.0281504,0.0479093,0.944212,-0.676123,-0.250508,-1.4601,0.239117,-0.216385,0.601927,0.0486005,-0.885953,0.673197,-0.859885,-0.290332
0.239282,0.504296,-0.698809,-0.0684117,1.01666,-0.169535,0.184433,-0.0287796,0.218675,0.354747,0.818768,0.217842,-1.32426,-0.475153,0.74953,-0.239779,0.234618,0.136125,0.714573,-0.909006
0.453604,0.640543,0.227578,0.717924,0.471895,-0.743195,-2.04481,-1.23238,-1.257,-0.869058,-1.78847,-0.388237,0.0624981,-0.618735,-1.64365,0.530315,0.440888,-2.29191,-1.24259,0.170887
0.97947,0.341793,0.666283,-0.965031,1.63732,-0.849372,1.71709,0.518582,1.49059,-0.248804,0.513298,0.676249,0.50155,0.248089,0.329309,0.976993,-0.621411,1.25535,0.347534,-0.428235
-0.525393,-1.26954,-0.276797,-0.933103,0.322305,0.557741,-0.491787,-0.799201,-2.22518,-0.602682,0.263154,-0.646175,-1.26577,0.708146,0.175074,-0.172211,0.243586,-1.76505,-0.39859,-0.221101
1.9454,0.851529,1.09833,1.66732,-0.361965,0.768452,0.29284,0.10471,0.311771,0.888384,2.73949,2.09925,0.676853,0.97245,-0.079304,1.85756,1.8943,0.377805,2.13303,0.506923
-0.856153,-1.67174,-0.66583,-1.70977,-1.28406,-1.24962,0.521381,-0.62148,0.0150708,0.301581,-0.68558,-1.57886,0.616928,1.94458,1.39543,-1.67652,-0.826671,-0.997725,-0.439485,1.45773
-0.365706,-0.512711,-0.117467,0.337616,0.120647,-0.765726,0.071159,-1.20551,-1.05838,-0.29843,-0.427997,-0.321171,0.27938,1.3496,0.792894,0.115666,-0.189678,-0.4132,-0.606846,0.562568
0.42768,-0.0198624,0.0764549,0.141404,0.278184,-1.75016,-0.617057,-0.329816,-0.56283,0.669236,0.410128,1.39019,-0.64738,-0.0637671,0.258634,-0.302993,-0.283349,-1.08868,0.43339,0.341206
0.756617,-0.493949,0.322083,0.00614833,2.14292,-0.21161,-0.151099,1.8764,0.575588,0.614388,-0.0568242,0.718051,0.562738,0.73935,1.30131,0.293909,1.79792,1.2171,0.831279,0.965047
-0.985633,1.16129,0.553531,1.76996,0.355103,1.22926,-0.63305,0.558068,-0.187666,0.637124,0.22938,0.972516,0.311826,-0.287901,-0.123883,0.536656,0.944411,-0.307059,0.631574,0.528431
0.383072,-0.561039,0.884446,-1.05764,-0.00489461,-1.26338,1.07753,0.182164,1.90002,-0.0210361,0.638935,0.731655,0.619269,0.156448,-1.19157,0.268566,-0.786654,1.34096,0.0946693,-0.835178
0.0772853,-0.0834797,-0.468856,0.624529,-0.200204,0.731745,0.0892232,-0.127438,0.363214,0.430494,1.26397,-0.0173007,0.345849,0.852078,0.235974,0.337538,1.33738,0.343058,0.643208,0.455359
0.692522,0.0496106,1.48106,1.37238,1.18486,-1.65593,-1.04834,0.0332758,0.428668,-1.59265,1.42858,-1.55195,0.588543,0.746093,0.313739,0.752337,-0.431176,-0.087984,-0.883017,0.568167
2.02102,1.27646,-0.575344,-0.832801,0.672721,0.538798,-0.147722,-0.869843,-1.17386,0.338362,-0.465786,0.388386,0.0231219,0.0393868,0.482139,1.77351,0.113861,-0.525676,-1.28098,0.56261
0.138327,0.630525,0.0182348,-1.32558,-0.298269,-1.4194,0.233819,1.33892,1.68981,1.12506,0.0403111,-0.249318,0.288629,-0.491018,-0.743529,0.828799,-0.928541,1.436,1.0624,-0.268878
0.480531,-0.100331,-0.0424107,-0.625129,0.599851,-0.00762683,1.30531,1.29514,0.00526705,2.88702,1.49723,0.676494,-0.754039,-0.800365,-0.185655,0.776147,0.195471,1.45833,1.52479,-0.9073
1.44682,1.12193,1.60984,-0.401035,-0.0196236,-0.535908,0.173415,0.202927,-1.47627,1.32223,0.766711,1.05459,-0.0604378,0.703374,0.452068,1.86402,-0.587067,-0.705126,1.35386,0.729992
0.389469,0.755117,0.849579,2.52842,1.71901,0.926931,-0.0316763,0.368253,-0.955135,0.42821,0.41092,0.756306,0.776459,0.606733,1.12339,1.19093,2.40915,-0.0121478,0.794351,0.84794
-1.62208,0.324655,-0.868282,1.63272,0.222315,0.602883,-0.439723,-0.383035,0.502034,-0.109759,-0.451038,-0.785407,0.293751,0.329988,0.93093,-0.676518,1.37064,-0.301365,-0.43328,0.0505813
0.478209,0.219102,0.448096,-0.19564,-0.654454,-0.588526,0.289791,-0.469137,-1.12168,-0.529217,-0.401414,-1.14551,0.946507,0.520086,1.0937,0.403222,-0.48157,-0.53484,-0.249474,0.477496
-0.378487,-0.371621,0.357585,-0.477758,-0.204712,-1.1679,-0.328136,-0.53684,-0.287477,-1.38744,-1.92005,-1.10859,-0.607516,0.837052,-0.771868,-0.666531,-1.35331,-1.11853,-2.10932,-0.0054224
1.02208,1.18488,1.45096,1.18327,0.791422,0.294055,0.207812,1.55295,0.321872,-0.207591,0.155049,-0.109754,0.644021,0.778852,1.0628,0.919826,0.818456,-0.53913,-0.132147,0.908131
-0.210406,-1.14868,-1.42519,1.47543,0.779096,1.34007,-0.228802,-0.19033,-0.554417,-0.397533,0.288511,-0.682377,0.793687,1.2179,0.904321,-1.10229,1.64411,-0.220152,-0.392671,1.01838
-0.652324,-0.456974,-0.873049,-0.0374792,0.21285,-0.318067,0.254577,-0.941241,-0.466778,-1.67269,-2.05893,-2.07809,0.135951,0.469573,0.338062,-1.00464,-0.0828123,-1.11462,-1.76823,0.514502
-0.953518,1.64151,0.408863,-1.32872,0.324372,-0.306787,-0.703127,0.229302,-0.259755,-0.127682,0.523701,0.510971,-1.22009,-0.532053,0.234484,-0.0239438,-1.41661,-0.361138,0.537823,-0.379258
1.83921,0.667825,1.48034,0.135855,0.316236,0.158664,1.39049,0.501111,1.41296,-0.980684,-0.527483,-0.389259,-1.49417,-1.23443,-1.2753,1.19913,0.612399,1.56072,0.0236487,-1.6702
-0.0125507,-0.867221,0.695995,0.865351,0.330639,0.522964,-1.09921,-0.245891,-0.753406,-0.411297,-0.655155,1.48939,0.933999,-0.863087,-0.140145,-0.221433,0.686924,-1.09037,0.101058,0.362304
1.06174,0.963019,0.214229,0.626417,-0.632683,0.416407,0.506513,1.74443,0.976808,1.5538,-0.823572,0.33883,-0.5459,-0.83418,-1.12729,0.435251,-0.0331427,0.976916,0.804526,-0.672693
0.33705,0.893394,-0.276263,1.04485,-0.0522993,-0.167004,1.74408,-0.0702995,-0.14919,1.83258,0.266382,1.80408,-0.9049,-0.766571,0.495288,1.09572,0.240078,1.39077,0.635352,-0.456376
-2.03981,-1.85952,-2.44991,0.504157,-0.392711,0.742972,1.31374,0.997464,0.831914,-0.473286,-0.178655,-0.744023,0.117839,-1.29471,-0.674602,-2.55178,-0.0346639,1.17595,-0.269971,-0.390791
-0.979708,0.0678417,-0.554151,-0.038657,-1.40463,0.503828,-0.469143,1.03207,-0.800642,-0.474092,-0.554871,-1.13022,-0.871362,-0.11205,0.166923,-0.656731,-0.12826,-0.397295,-0.766847,-0.180545
0.774475,0.192937,0.865169,-0.83209,-0.0844051,0.370681,1.39392,1.39327,-0.690497,0.80434,0.316537,0.662439,-0.301506,-0.742442,-1.75373,1.02379,0.467934,0.232089,0.60334,-0.706672
1.05996,1.49484,-0.294953,0.804567,1.04972,0.167961,0.012525,0.48028,1.17559,-0.857672,0.993562,0.0822102,-1.44799,0.151677,0.920483,0.9522,0.467706,0.444648,0.392862,0.629538
-0.302166,-0.830361,0.0238964,0.184452,0.958047,0.495966,1.17524,0.379245,0.68144,0.485412,0.716235,0.824118,-0.224646,-0.536548,-1.57367,-0.0272608,0.0308876,0.932781,1.07322,-1.2038
0.192241,0.631537,1.07179,-1.03102,-1.0726,-1.1425,0.0480157,-1.29067,-0.442643,0.443636,0.623048,-0.246285,-0.213713,-0.422911,-0.600985,0.627117,-1.94389,-1.03259,0.159779,-0.421276
0.655838,0.545254,0.4086,0.264443,2.02727,0.255653,-0.810645,-1.07635,-0.0484275,-2.10684,-1.028,-0.633136,-0.557836,-0.760181,-1.44409,0.122301,0.550495,-0.338607,-1.47481,0.087943
-1.55683,-1.23222,-0.221542,-0.576982,1.30612,-0.412775,-0.183789,-0.235641,-0.360464,-2.41528,-0.552187,-1.88184,0.811927,0.897625,0.89523,-1.13669,-0.918961,-1.10882,-1.29855,0.599246
-0.697173,-1.02509,1.34678,-0.161107,-1.03175,-0.625058,-1.56363,-3.36205,-1.93411,0.59628,-2.51444,-1.79159,-0.162368,-0.320813,-1.25573,-0.600224,-0.114895,-2.11429,-1.55304,-0.0164383
0.248936,0.740403,0.383504,-0.657275,-0.172923,0.216496,-0.330027,0.722223,0.647652,0.680745,0.4127,1.4384,-0.531984,-0.857425,0.792166,-0.111889,-0.238413,0.968181,1.42821,0.0220932
0.681909,0.430062,-0.946783,-1.43048,-0.899098,-1.25307,-0.349955,-0.0591093,0.87752,0.0215354,-0.0826502,1.77214,-0.396017,-0.367905,-1.78775,0.50367,-1.21461,-0.575734,0.837691,-0.749184
-0.254399,-0.0600043,-0.631267,1.13552,0.434259,0.877364,0.661173,-0.375366,0.104447,-1.19941,-0.270021,-0.072342,0.149614,-0.742864,-0.461537,-0.479177,1.60769,-0.0677549,-0.549259,-0.0416114
-0.357865,-0.0318702,0.00883537,-0.422988,0.362926,-2.04802,-0.322462,-0.888346,-0.873953,0.891233,2.01467,-0.122007,-0.189554,-1.69239,-1.09461,-0.0995671,-1.27203,-1.3603,0.576863,-1.209
-1.52982,-1.19522,-1.49688,1.20488,1.82791,0.61636,-0.900547,0.709939,-1.22602,-0.966683,-0.543263,-0.486264,0.498522,0.775258,-0.191647,-0.81854,1.35112,-0.351338,-1.20033,0.0932985
0.69567,0.687758,-0.252084,0.0887026,1.16194,-0.0148627,-1.22761,-0.432477,-0.763077,-0.312921,0.629011,0.070494,1.71702,-0.785247,1.34167,-0.217525,0.0441014,-0.978324,-0.16027,1.36899
1.02716,0.457769,-0.991369,1.24202,1.03548,1.52259,-0.434449,1.32137,-0.542382,-0.0971444,-0.414719,-0.0292822,-0.912519,0.681581,1.7809,0.582771,1.08803,0.385757,-0.624931,1.01078
0.90817,-1.135,-0.484652,-0.600718,-0.201144,0.273994,-1.35523,-0.626738,-1.18893,0.683942,0.37611,-0.585119,0.00336255,-0.835978,-0.0547205,-0.50976,0.0926218,-1.04686,0.016274,-0.86808
0.985373,1.36022,0.851726,0.452693,-0.112782,0.0463828,-0.319921,-1.10673,0.298422,2.14396,0.265251,1.08721,0.269983,-0.628171,-1.12623,1.75188,-0.0961868,0.510574,0.842626,-0.626605
0.567626,-0.249116,0.38094,1.36532,1.36039,0.954259,1.09291,1.223,1.95161,0.66267,-0.729741,-0.341052,0.783056,0.571072,0.385059,0.955184,0.833748,-0.0371892,-0.0722513,1.48061
0.540136,0.396139,1.11037,0.867036,1.42176,0.169621,1.21507,1.53174,1.19878,0.533637,0.117853,0.73456,1.5768,2.11046,1.56673,1.06359,2.32652,1.08679,0.608644,1.84172
-0.156834,-0.256029,-0.333501,-0.399625,-0.722325,-0.97142,-0.233722,-1.14081,-0.403715,0.352486,-0.0160177,-0.30451,-0.135427,-0.0565029,-1.33662,-0.460676,-0.387129,-0.356608,0.223856,-0.386849
-0.966144,-0.436812,-1.26612,-1.20519,-1.51544,-1.27383,-0.835583,0.0949833,-1.43663,0.0711821,0.331205,-0.21395,-1.19576,0.674835,-0.873351,-1.89477,-0.968365,-1.10221,-0.890912,-0.59063
0.249589,0.649559,1.40608,0.987774,-0.251706,0.17035,0.931727,0.751737,1.96747,0.867879,0.571296,-0.374466,-0.569544,-2.00859,-0.0980793,0.395863,0.760932,0.955516,0.999771,-0.604057
-1.26753,-0.929525,-0.645589,-2.14121,-1.03332,-0.764859,0.172862,-1.36072,0.401443,-1.71448,-1.97381,-2.83667,0.258288,-0.0196978,-0.976807,-1.39205,-1.43495,-0.4428,-2.55623,-0.82174
-1.46356,-0.322102,-0.932905,-0.287856,0.115276,-0.375893,-0.0518838,-0.799399,-0.385532,-0.178258,0.987813,0.327132,0.496381,0.262855,0.879352,-0.100426,0.149832,-0.486722,-0.113044,0.948453
1.60549,1.10413,1.30634,0.650637,-0.285139,-0.193263,0.317313,0.154963,0.136567,1.47021,1.00264,-0.429156,-0.51164,-0.484616,0.0744851,1.75882,-0.167168,0.405596,0.354235,-0.361957
-0.474687,-0.281918,-0.422704,0.150465,0.23683,-0.488954,-1.40695,0.83127,0.300051,-0.200463,-0.988595,-0.356851,-0.253936,0.345626,-0.0913949,0.197325,-0.161966,0.165505,-0.603282,-0.253859
0.241549,0.0809306,-0.302392,-1.01259,-0.000421238,-1.40411,-1.36411,-1.17646,-0.78406,-1.47259,-0.635245,-2.31674,-0.10457,0.683744,-0.231599,-0.475855,-0.656169,-1.25536,-1.82677,0.378179
-0.808645,0.36211,-0.55739,1.12772,1.29693,0.141902,0.205075,0.703567,0.163747,-1.21717,0.224319,-1.0284,-0.668251,-1.03026,0.329531,-0.443611,0.762717,1.19699,-0.511588,-0.241233
-0.861639,1.00923,1.15925,1.23102,0.906624,1.56965,0.321596,1.2881,0.982172,0.954201,-0.224879,-0.653016,1.57732,0.875297,0.680727,0.573799,1.03164,0.730186,-0.452211,1.62855
1.1852,0.754319,-0.432272,-0.00968656,0.467633,0.404049,-1.34981,-2.00396,-1.31253,-0.172683,-0.523643,0.455195,-0.00267852,0.217055,1.15274,0.452272,0.46005,-1.53026,0.294715,0.618706
-0.973099,-1.01865,-1.08574,-1.02822,-1.96596,-3.17587,-1.18093,-1.43981,-0.872522,-0.800774,0.293448,0.0320456,-0.0675635,0.74818,-0.148038,-0.515185,-2.23314,-1.52165,-0.480586,0.940418
0.557305,-1.17679,-0.266661,0.214597,1.39965,-0.560628,-0.165042,-0.222315,0.695032,-0.257073,-0.046103,-0.416743,-1.12452,-0.201371,-0.387214,-0.555146,-0.343604,0.327344,0.08433,-0.6505
2.91283,2.22208,2.68748,-0.105895,-0.357014,-1.4007,-2.45049,-2.38251,-1.74216,0.310275,-1.07638,0.502482,0.967949,0.858816,0.340798,2.06966,-0.130193,-2.03907,0.546946,-0.34603
1.2814,0.404506,0.679178,1.25333,-0.702113,1.20071,0.0192835,-0.167551,0.310157,0.796016,1.26538,0.785401,-0.243335,0.164336,0.800265,0.534142,0.16697,0.222555,0.604936,0.247879
-1.04912,-1.19363,-0.258289,0.830396,-0.188219,0.513548,0.627842,0.823895,0.72473,-2.22692,-1.55464,-1.00643,1.87413,0.384843,1.9332,-0.310339,0.354326,0.769661,-1.76914,0.137603
-0.670188,-1.20292,-1.0652,-0.329893,-0.730989,-1.15305,0.421456,-0.944255,-1.34614,-0.543354,-0.0936828,0.293212,-0.0736576,-0.226984,-0.140684,-1.0092,-0.963462,-0.296304,-0.317304,-0.0216341
0.84596,-0.939415,0.244603,1.54358,0.800668,0.801204,-2.1078,0.0535263,-0.766793,0.00968148,-0.757192,0.955518,-0.0399959,-2.45799,0.14234,0.159295,0.74088,-0.808801,-0.183517,-0.90415
-0.769679,-0.33581,-0.269047,-0.249058,-1.04577,-0.270647,-1.10576,-0.860757,0.559971,-1.71926,0.658924,-0.853175,0.49544,1.19284,0.380955,0.547947,-0.968236,-0.0194577,-1.07129,0.483524
-2.33689,-0.269775,-0.284984,0.00661173,1.13083,0.499127,2.39994,1.21817,2.20354,1.0692,0.410227,0.0640226,0.411314,-1.69921,0.816225,-1.69294,0.337894,1.78713,-0.0573436,-0.771322
-0.5501,-0.623386,-0.812873,-0.974029,-2.07948,-1.71447,-0.395591,-0.0553223,0.24888,-0.296203,-0.0604357,-0.382912,0.183676,0.0443732,-1.73166,-1.14388,-1.98082,-0.21244,-1.16436,-1.42594
0.0920041,-0.743407,1.3819,-0.974074,-0.324194,-0.683709,0.171744,0.992989,0.45809,-1.11616,-1.5481,-1.43653,-0.740835,0.504935,-1.35115,0.399532,-0.624636,0.727575,-1.47099,-0.731922
0.192513,0.598548,0.746567,0.877374,1.89849,0.641278,0.606759,0.469429,1.38968,1.08884,1.42267,1.22207,-0.758519,-0.451684,-0.71885,0.681957,0.829888,1.16013,1.70237,-0.704518
-1.48555,-2.952,-1.83617,-0.246851,-0.998868,-0.287504,-1.05389,-0.713009,-0.406793,-1.00082,-0.304797,-0.226871,-0.715919,-0.088855,0.307281,-1.9559,-0.885955,-2.18447,-0.884186,0.0510732
1.44545,1.49874,-0.206264,-0.827741,-0.469701,0.555478,1.20089,0.897288,-1.26314,0.305406,0.670313,1.06555,-0.0672932,0.12971,-0.519858,0.834366,0.402448,0.593177,0.66596,0.428397
-1.27529,-1.91717,-0.733937,-1.84785,0.264189,-0.410009,-1.42043,-0.834802,-0.790995,-0.0163789,-0.928202,-0.884738,0.190113,-1.22108,-1.3383,-2.04408,-0.972929,-1.20068,-0.75075,-1.41844
-0.0111093,-1.18433,-1.23993,-2.47574,-0.117431,-0.134751,-0.422026,0.607513,-0.223202,-0.318066,-0.188715,-1.40785,-0.369735,-0.999284,0.137462,-1.20751,-1.49266,-0.416454,-0.787929,-0.328583
2.77317,0.596671,0.385632,-0.29358,0.0128647,-0.94962,0.0961264,0.502125,1.12877,1.52051,0.142202,0.026418,2.31026,2.46114,1.9493,0.813353,-0.89738,0.65677,0.728076,1.1467
-0.976077,-0.289218,1.54712,-0.0142799,0.752785,0.277577,-1.91321,-0.589692,-0.73127,-0.468713,0.630152,-1.31736,0.554425,1.17959,-0.886974,-0.117722,-0.122079,-1.18005,-0.528578,0.219668
-0.438357,1.6038,0.0324452,1.64022,0.972535,-0.011982,0.0941347,0.669351,0.572469,1.56554,-0.362963,-0.0444512,-1.33953,-1.44681,-0.803044,0.0214926,1.44765,1.08526,0.391229,-1.10544
-0.28245,-1.07512,0.556032,1.35672,0.391446,1.47656,1.48729,1.3502,0.920772,0.308665,-0.130706,-0.389928,1.92442,0.763411,-0.288867,-0.387668,1.13005,2.04505,0.290819,0.576151
1.36131,1.39476,1.58891,-0.0658044,0.881152,-0.111701,0.145012,0.35299,1.15695,-0.851069,-1.72668,-0.685945,0.655073,0.839186,0.244791,1.57012,0.862091,0.773974,-1.05281,1.17328
2.36757,1.40274,0.957925,-0.163668,-0.69121,-0.362238,-0.660805,-0.382693,-0.644832,1.3423,1.73696,1.60943,-0.921118,0.226941,0.915615,1.97102,0.0540602,-1.13137,1.37477,0.998562
1.60902,1.8855,1.40999,1.57028,1.44496,2.33493,1.07725,0.593134,1.59167,1.08697,-0.295706,-0.303183,1.03794,1.2501,0.690108,2.23078,1.66132,1.65732,0.845202,1.41505
1.90381,0.660126,0.772383,0.973202,1.18183,0.856287,-0.668459,-1.06505,0.201225,-0.872586,-0.790558,0.590259,0.54634,-0.326676,0.898027,1.57896,0.999695,-0.813912,-0.795138,0.71952
-1.99015,-0.732874,-0.811995,-0.478293,0.629429,-0.347717,-1.08351,-0.504297,-0.381255,-0.49327,0.181529,-0.231529,1.4226,1.65422,1.10557,-0.943782,-0.335949,-1.36378,0.335503,1.3301
-1.22101,0.989671,-1.86086,0.740163,2.24992,0.52721,-1.32753,-2.67169,-1.47175,0.957639,1.02138,1.93361,0.224071,0.562574,1.08209,-0.668512,1.31777,-1.47776,0.52908,0.793797
-0.919478,-1.15184,-2.72338,-0.787955,-0.269348,-0.836084,-0.508898,-0.277037,0.0732987,-1.89468,-2.01268,-1.09076,0.338812,-0.826438,-0.90754,-2.07937,-0.310658,-0.257788,-2.72199,-0.523231
-1.21051,-0.125184,-0.38703,-0.859881,-0.433486,-0.83825,0.046634,-0.856199,-1.50006,-0.347527,-1.00908,-2.57267,0.0121486,0.770752,-0.684689,-0.424217,-1.14282,-0.55999,-1.13834,-0.379659
-0.904024,-1.71465,-1.49848,-1.22999,-0.914792,-0.748301,0.274876,0.708098,0.577604,-1.59296,-1.18384,-1.07348,-0.244379,-0.461736,-0.673027,-1.14965,-1.08057,-0.00863422,-2.13064,-0.350577
-0.688585,-0.0424283,-1.03262,-0.191935,0.00659387,0.329579,-0.0733671,0.783256,0.263704,-1.50661,-2.86898,-1.90976,0.534385,-0.229977,0.144328,-0.474407,-0.618745,-0.0492024,-2.11538,0.153616
-0.505177,-0.586637,0.0411998,-0.0800046,1.54235,0.90203,1.16586,1.24182,2.03842,1.45816,1.15983,1.65853,0.260186,0.283389,-0.191671,-0.017852,1.49439,1.13321,1.50504,-0.257596
0.0258816,-1.08808,0.214835,-0.812994,-1.20711,-0.218687,0.692781,1.16925,-0.485858,0.533099,-0.258551,-0.233087,-0.138858,-0.057613,0.0129066,-0.46393,-0.648495,0.472148,-0.0206157,-0.04041
0.0281329,0.010703,0.644311,0.358237,1.68418,0.546125,-0.330383,-0.195243,0.195782,0.525585,1.4915,2.04255,-0.412008,0.178656,-0.344815,0.165572,0.709694,-0.444556,1.95397,-0.11253
-1.16758,-1.25018,-1.53852,0.0820449,-1.13038,-0.10731,-1.27526,0.0329207,-0.262223,-1.24852,-0.253185,0.336943,-1.53607,-2.50083,-3.1286,-1.37224,-0.794674,-1.13212,-0.588742,-2.69533
-0.967483,-1.16992,-0.637994,1.31664,-0.349812,-0.160612,0.658443,1.22906,1.85096,2.43729,-0.00296958,0.814975,-1.83466,-2.20695,-1.72863,-1.34932,-0.153456,1.39279,0.653991,-2.91627
-1.26286,-1.55565,-1.54173,-2.53951,-2.47661,-1.85714,-1.15039,-0.642799,-1.43771,-1.07688,-2.09624,-2.55139,-0.539483,0.538787,-0.168915,-1.89939,-2.49072,-1.23559,-2.15306,-0.105394
-0.660918,-0.732763,-1.42156,0.658873,0.293817,-1.53423,-0.376274,-1.00378,-0.408416,1.38279,1.679,0.573804,-0.381401,-0.806899,-0.0486964,-1.27193,-0.0647489,-0.146228,1.37657,-1.06175
-1.10301,0.0446407,-0.123282,-1.27419,-1.20984,-1.06075,0.573335,-1.49789,-0.486319,-0.773234,-1.6092,-0.469856,-2.05954,-0.66746,-0.54957,-0.195461,-1.98804,-1.33597,-0.821988,-1.19086
-0.429482,-0.415291,-0.654305,-1.43381,-2.3951,-1.03038,0.761045,-0.0966851,0.0777396,-0.164144,1.324,0.161515,-0.909408,-0.795566,-1.197,0.260462,-1.61171,0.178182,-0.0155634,-0.491034
-0.315041,0.269822,-0.431359,-0.534715,-0.809506,-1.56908,-0.850712,0.252382,0.238887,0.392175,0.548818,0.748607,-0.428224,-0.286281,-1.18619,-0.398229,-0.761866,-0.309187,1.1753,-0.685472
-0.660134,-1.424,-0.504972,-0.0191232,-0.859213,-1.89235,-0.752968,0.601005,-0.381996,-0.443009,-0.351114,0.0770808,-0.918907,-0.233008,0.370923,-1.08073,-0.86094,-0.314124,0.218567,-1.02748
1.27998,0.927675,0.981442,-0.61971,0.45971,-0.219782,0.167921,0.21606,0.34696,0.311222,0.0569112,1.18264,0.744788,0.83655,0.586599,1.23991,0.561858,0.112323,0.878827,0.684963
-0.393877,1.1726,0.726952,-0.280402,0.582759,0.727349,-0.108593,0.0518332,-0.457038,-0.454634,-0.0222172,-1.03421,-0.428523,-0.548886,-0.252364,0.215969,0.193234,0.751136,-0.148669,-0.385365
0.709876,-0.457591,1.64278,-0.555524,-0.0965675,0.762704,0.374346,-0.402432,-0.446317,-0.966257,1.12473,-0.727818,1.33827,0.403398,0.880925,0.402978,0.645147,-0.520019,-0.582022,0.0446188
-1.03631,-0.791348,-1.98094,0.21875,0.291837,-0.607456,-0.418442,-0.198562,0.392577,-0.102006,-0.00495901,-0.861482,-0.166122,1.23139,1.36561,-0.46201,-0.554871,0.0695828,-0.258536,0.756243
-0.566505,0.00555234,-0.602615,0.178187,-1.20401,-0.538081,-0.514038,-1.01441,-0.804382,-1.40367,-2.49067,-2.24657,0.81056,0.570573,0.622637,0.215425,-0.90497,-0.802013,-1.50269,0.715113
-1.22665,0.648372,-0.537331,0.236138,-1.26136,-0.955835,0.508054,1.60232,-0.221926,0.784744,1.0663,1.08024,-1.3897,0.109444,-1.64531,-0.571471,-0.109529,0.776478,0.769777,-1.15512
-1.97859,0.109291,0.0981606,1.38372,0.166696,1.10168,-0.199788,-0.307504,0.750777,-0.515313,0.340833,-0.420921,-1.66034,-0.84637,-0.738603,-0.384385,0.336218,0.0123956,0.0381818,-1.30874
-0.342074,0.226165,0.132466,0.650163,1.12689,-0.61592,-0.833508,-0.600366,0.441144,0.83894,-0.0773064,0.801685,1.21388,0.283591,-0.134919,-0.675632,-0.141819,0.0937118,0.461842,0.407562
0.0997016,0.285051,0.582931,-0.070195,0.716288,-0.0665101,0.489578,0.663228,0.58002,0.421033,1.0108,0.020878,0.769157,0.80641,-0.291692,0.1548,1.09897,1.67914,0.155433,0.0300032
-0.835719,-0.737643,0.0647407,1.20598,-0.0120175,0.547116,-0.0842309,0.218147,-0.368937,0.672208,-0.369924,1.33038,0.984734,0.431515,0.720958,0.0669544,0.314646,-0.490399,-0.0373851,0.576875
1.16726,0.266905,1.89909,-0.0755022,0.455378,0.796631,-0.435098,-1.65243,-0.851851,0.936942,0.654591,0.308314,-0.113929,0.37648,-0.244433,1.3654,0.319639,-1.02188,1.21885,-0.217485
0.32616,-0.67315,1.49507,-0.554758,-0.774262,-0.796257,-1.67237,-1.96461,0.172162,0.462124,-0.0514001,-1.13983,1.34272,-1.79279,-0.540583,-0.444156,-1.04355,-1.89583,-0.557571,-0.178986
0.981124,0.882665,1.6247,0.135133,-1.21359,-0.0271831,0.319552,3.31944,0.423957,-0.313843,-0.533633,-1.03324,0.0427773,0.797385,0.169226,0.865479,0.015044,1.46134,-0.583284,-0.090743
1.49115,-0.178728,-0.539938,-0.598074,-0.364965,-0.217915,1.66538,0.227381,-0.0961888,0.684887,-0.235533,0.668945,-1.37298,-0.949694,-0.782514,0.0932453,-0.433039,0.881851,0.37755,-1.12168
0.935875,0.52053,0.231233,0.228622,-0.684206,-0.162966,0.141007,1.40466,0.996153,1.44655,0.613932,1.14235,-0.913793,-2.28575,-0.603514,0.00715442,-0.594929,0.757552,1.33272,-1.37574
0.178363,-0.353071,-0.683287,-0.431451,-0.514282,-0.559773,0.295329,-0.512521,-1.06621,-0.111047,0.719883,1.12057,-0.352211,-0.127423,0.231866,0.228544,-1.31049,-0.194489,0.431941,0.0662256
0.710028,0.839208,0.829342,-0.0384005,-0.22285,-0.532983,-1.75366,-0.812333,-1.29463,0.097845,0.279949,0.0110827,0.926872,-0.0460943,1.21286,0.107273,-0.318122,-1.25967,-0.159919,0.680208
0.135297,1.27121,0.51399,1.0561,2.48797,1.11915,-0.342146,-1.85267,-1.06867,-0.668435,0.850902,0.308413,0.680089,1.49357,1.62323,1.42267,1.81705,-0.703731,0.234721,1.29147
0.710947,-0.0104629,1.63348,0.191465,-0.696378,-0.15236,-0.997659,-0.458034,-1.04188,-1.44884,0.021606,-1.1118,0.926991,2.24319,1.26315,0.97176,-0.673647,-0.973135,-0.309489,1.66789
0.547748,1.7497,2.05692,1.49056,1.0531,0.710082,1.21851,0.609677,4.05715,0.879441,0.749398,0.66491,0.121546,-0.407003,0.534339,2.11695,0.87905,2.49088,1.55307,0.415624
-1.32072,-0.384599,-0.675958,-1.39792,-0.941503,-1.1003,-0.79076,-0.524642,0.0357306,-1.71869,-1.09196,-1.23499,0.554148,0.697604,0.452452,-0.587727,-1.64428,-0.724456,-1.12927,0.381998
0.456774,0.421481,-0.533271,1.05585,-0.0585448,-0.197645,0.0723946,-1.11624,0.356755,0.442506,-0.0882139,0.391435,0.235713,0.820386,1.51997,0.578092,0.479965,-0.849297,0.675944,0.815524
1.00644,1.90214,0.440436,-0.419113,0.178477,0.898536,-0.287044,0.90309,-0.487933,0.948866,-1.02455,-1.9486,1.26694,1.36183,1.51401,0.6445,0.238307,0.508285,-1.32307,1.56424
0.875794,0.337946,1.35054,-0.209368,1.64445,-1.17387,0.0635084,1.2936,-1.57832,-0.278499,0.564978,0.417936,-0.576037,1.42527,1.00398,0.717561,0.407097,-0.649526,0.0921409,0.385692
-0.416176,-0.849939,-0.671244,-0.443181,1.05333,0.826658,0.796267,0.134225,0.363289,-1.0924,-1.31542,0.361502,-1.6031,-1.95252,-0.105917,0.0954541,-0.0626848,-0.201172,-0.223187,-2.26386
-0.768957,-0.0658362,-1.20735,0.187807,0.181196,0.688322,0.915115,0.281766,0.430053,0.792227,0.630376,-0.338122,-1.58665,-0.977259,-2.6536,-1.52134,0.31238,0.676172,0.435264,-1.9043
-0.289596,-0.471649,-0.194874,1.67068,0.717161,0.663825,1.01779,-0.0216386,-0.0568651,0.366275,1.19814,-0.465184,0.566066,0.904769,-0.462948,0.0139203,1.27213,0.0330073,0.392356,-0.531103
-0.280768,-1.42027,-0.890015,-0.0135974,-0.921154,-0.249095,-0.825843,0.411009,-1.50432,-0.0607687,0.902343,2.01652,0.547995,-0.732254,-0.231785,-0.857608,0.419464,-1.29371,1.17937,-0.169719
-0.246594,-0.00876657,0.38953,-0.292677,0.287928,-0.175657,0.421208,-0.0161104,0.1335,-1.33479,-1.41714,-0.270873,0.00608739,1.09449,1.9422,0.782926,-0.388721,-0.736402,-1.39593,1.91715
-0.0789945,0.976682,0.525533,-1.07308,-0.794272,-0.483867,-0.359422,0.913809,0.781885,0.134718,0.163628,-0.779812,0.167649,0.602857,0.29372,0.433034,-1.21259,0.114221,-0.0751814,0.202441
-0.99811,0.292307,-1.11408,0.933483,-1.41046,0.459712,0.679086,-0.430402,-0.519687,0.353986,0.138402,-0.0317985,1.43431,2.6357,3.58427,-0.519329,0.0776933,-0.429358,0.114607,1.88302
0.2512,-0.310922,1.27624,0.898421,0.809644,0.273402,-0.688189,-0.305793,-2.23233,0.00445344,0.314989,-0.492953,0.0938419,-1.4963,-1.59978,0.221169,-0.579269,-1.84167,-0.369754,-1.31239
0.115579,0.437874,0.742439,-0.0193499,-0.117999,-0.573529,-0.853135,0.273324,-0.603059,-0.831747,-0.507151,-0.52831,0.252629,0.958668,1.68954,0.906413,-0.171768,-0.884842,0.250834,0.777347
1.04866,0.991874,2.0824,0.725485,0.299045,0.462567,-0.783719,-1.20979,-0.354498,-1.27974,-2.4443,-0.919664,0.848448,1.05962,0.530823,1.45495,0.858804,0.332216,-1.25992,1.31919
0.21571,-0.248584,-0.17249,0.0660396,0.5992,0.0445295,0.696326,-0.383709,0.388873,-0.957688,-1.71034,0.208264,0.227934,-0.200396,-0.589517,-0.138959,-0.0523825,0.0907253,-0.985335,0.133359
-0.222042,-1.47543,-1.64031,-0.47396,-1.14374,-0.436126,1.90894,-0.107949,0.967665,1.10633,0.443593,1.13704,-0.35361,-0.441845,-0.182412,-0.664929,0.199394,0.780512,1.3379,-0.0372326
0.644093,0.572557,0.0255517,1.43213,1.26035,0.575281,0.543816,0.6428,-0.013475,0.711686,0.499226,2.28495,-1.36048,-0.0867916,0.188471,0.186298,1.158,0.11802,0.33343,-0.762225
1.06232,1.46932,2.74543,0.619449,-0.258326,-0.663733,1.05694,0.219788,-0.199063,-0.571934,0.801516,-0.715182,1.53993,2.10799,2.50049,1.04099,-0.396741,0.304519,-0.823148,2.51848
0.726682,1.26024,1.09164,-0.291059,0.454482,1.07432,1.22379,0.746239,1.17802,0.357807,1.25556,0.55172,-0.326219,0.649669,0.256678,1.26161,1.48048,1.03084,1.28239,0.672535
-0.420504,-0.62797,0.0525433,-0.407672,-1.25514,-0.351792,-0.586759,-0.679521,-0.29707,0.0227805,-0.426945,-0.543242,2.21259,2.47438,0.85541,-0.218082,-0.880124,-1.03141,-0.2035,1.90465
0.546391,1.30999,1.15159,0.519547,0.994075,-0.238252,0.713304,1.64122,0.523121,0.980083,1.53766,1.54987,0.364782,0.968961,-0.00290293,1.13168,1.24784,1.05814,0.782364,0.281293
-0.162785,-0.507989,-0.0839382,-0.579503,0.369643,-0.371488,-0.909351,0.384936,-1.34564,-1.78215,-1.06887,-1.43672,2.22921,0.0774701,1.79961,-1.04068,-0.075586,0.0631255,-2.12876,0.827499
-0.564244,-0.860421,-1.6816,-1.09175,-0.740281,-0.520032,-0.0960661,-0.476491,0.234297,0.150337,0.606656,0.93104,-0.701017,-1.05059,0.0101503,-0.85693,-1.08184,-0.265663,0.776867,-0.590231
0.607502,1.71501,1.63319,1.07213,1.23126,1.01468,2.20954,1.14125,1.13437,1.09176,1.13596,-0.268163,-1.38277,-0.0615094,0.859878,1.98071,0.531282,1.39754,0.985371,-0.134251
0.240667,-0.256643,1.57807,1.75955,0.878367,0.625556,0.775897,0.735629,-0.503488,0.674424,0.892368,1.28212,0.694763,-0.152982,-1.1041,0.56428,1.70602,0.70177,1.072,0.674723
-0.900579,0.00349835,0.215149,0.289118,0.0431581,0.64934,1.80844,1.42494,0.339919,1.25222,2.32773,0.699651,-1.45882,-1.44538,-2.32399,0.0417056,0.218778,1.61154,1.45755,-1.28045
-0.498933,-1.64216,-0.00902157,-0.293395,-0.407533,1.29923,-0.0115123,1.0714,0.106356,-0.0876537,-0.417416,-0.0499788,0.205413,0.282666,0.0827104,-0.457476,-0.205153,-0.27184,0.21372,0.2608
0.247269,0.0641892,0.156534,0.521502,0.321938,1.03323,-0.665555,0.0166918,-0.497637,-0.47513,-1.84161,-1.9193,0.37597,0.739049,-0.887397,0.587357,1.29874,-0.175269,-1.68562,0.785447
1.24474,-0.233309,0.253048,-0.396944,0.429749,0.373101,-1.7064,0.286375,-1.94385,-0.969034,-0.93463,0.0208449,0.215377,0.195081,0.81961,-0.0359671,0.0873684,-1.16639,-0.536126,0.508294
2.28112,1.03705,2.14044,-0.0104473,-0.230348,-0.196782,-1.07041,-0.233674,0.492266,-0.507306,-0.272815,0.408727,0.870871,0.516271,0.464375,2.64162,-0.213655,0.0761021,-0.370569,0.154954
-0.778615,-1.52396,-0.81287,-2.96872,-1.80737,-1.4022,-1.20241,-1.19748,-0.14329,-0.100849,-0.47834,0.467733,-1.40661,-1.13112,-1.84587,-1.16692,-2.10843,-1.41544,-0.143767,-1.87615
1.58469,0.547067,0.545973,0.910546,-0.239237,-0.354759,0.553473,0.835037,1.53068,2.19807,0.500115,-1.03388,-0.883745,-0.176086,-0.774431,0.719453,-0.164767,0.655605,-0.143019,-0.983461
-0.0503226,0.245799,1.13864,-0.634788,-0.250715,-0.864869,-0.0284125,0.142376,-0.0377387,0.900607,0.631488,1.46219,-1.28882,-0.218892,-0.441425,0.64632,-0.326249,0.255936,0.621836,-1.08113
-0.675451,0.932732,0.0403942,1.21142,0.420452,1.60724,0.486735,0.971573,1.23681,1.2076,-0.762979,-0.105341,-1.06943,-0.485356,0.875566,0.431314,1.25422,0.853875,0.0155736,0.358092
1.13301,0.4736,1.14374,1.75972,1.07112,0.481885,0.78501,1.23985,2.00012,1.38577,0.998214,1.54176,-1.18267,-0.517252,-1.07576,1.88518,1.27899,2.20861,2.0704,-1.32232
-0.10094,0.567458,0.0586471,1.24745,-0.140844,0.0331332,0.906783,0.280332,0.787491,0.563495,2.39149,1.52466,0.29088,-0.376584,0.499527,0.523158,0.735049,0.63876,1.27812,0.0783533
1.33369,0.396338,-0.604421,0.781189,-0.0194947,-0.519132,1.10854,-0.792026,-0.0199397,1.43519,0.553656,-1.02656,-0.243139,0.219881,1.10845,0.881254,0.132757,0.150863,1.06028,1.26131
2.23541,2.23741,1.49699,1.67108,2.05421,2.18826,1.53499,-0.04298,0.277193,0.111977,1.02251,0.940385,1.27138,0.385248,-0.53864,2.08773,2.64082,0.96752,-0.0658907,0.430436
0.706604,-0.518776,-1.45277,-1.4955,-1.85374,-3.93624,-0.76455,0.0367943,-0.921005,-2.06457,-1.78989,-0.695642,-0.879709,-1.61023,-0.785563,-0.781023,-2.98256,-0.790381,-2.06127,-1.17122
-3.06887,-3.53089,-1.11904,-0.424292,-1.28973,-0.864785,-1.41642,-1.8024,-2.63481,-0.40516,-0.956006,0.637188,-0.612067,-1.34525,-1.41802,-2.95674,-2.04727,-2.6399,-0.574994,-1.41959
0.192863,0.733788,1.11529,1.25067,-0.114158,-0.796159,1.19506,1.23004,-0.394467,0.570033,-0.0597254,0.824521,-0.873345,1.16487,1.04943,0.980235,-0.41209,1.21484,1.08706,0.472166
-0.629595,-0.582246,-0.279112,-0.131655,0.350836,-0.541744,2.10737,0.0389384,0.59592,-0.190022,-1.21097,0.623504,1.01173,1.56527,0.918403,0.0174801,-0.263934,1.13312,-0.0562824,0.424898
2.1155,1.14853,3.23263,0.956799,1.52825,-0.141506,-0.524777,-2.29531,-0.686009,-0.462636,0.228429,-0.431671,1.50625,0.366994,1.13868,1.93848,1.14553,-1.56337,0.122607,1.13433
1.32101,-0.136935,1.07445,0.93008,0.703517,1.64397,1.6005,1.81301,0.94187,-0.385907,-0.465469,-1.0076,-0.068352,0.868779,0.194205,1.42549,2.23754,1.74702,0.0588501,0.392184
-0.428694,0.257358,-0.0381677,0.122219,-0.119307,-0.405899,1.01977,0.752391,0.442654,-1.17757,-1.02445,-1.61726,1.04175,-0.0267266,-0.133742,0.31535,-0.0813282,1.34276,-0.975429,-0.187377
-2.41014,-0.679315,-1.09625,-0.330162,-0.401789,0.505745,-1.05031,-0.273509,-0.975405,0.402181,0.439088,-0.0655462,-0.918827,-1.33717,-0.747856,-1.02292,-0.176313,-1.50158,-0.305135,-0.570074
0.244741,0.285268,0.291085,-0.0299754,-0.596668,-0.240494,-1.82013,-0.48989,-1.86224,-1.90994,-0.978931,-0.850186,1.19528,0.344189,-0.713523,-0.0833855,0.0235516,-0.996483,-1.57308,0.342742
-0.733842,-1.4921,-0.394763,-0.767011,0.698631,-0.276871,0.324172,0.0309876,1.33035,0.0959985,-0.0439485,-0.281921,0.273347,1.11322,0.34645,-0.516156,0.9237,0.437161,-1.06564,0.35177
0.103049,-0.0588757,0.0858143,-0.497927,0.175586,0.433412,0.00364744,1.32829,0.970914,-1.05425,-0.332909,-0.715663,0.217746,-1.45575,-0.557203,0.11534,0.101554,0.485839,-0.0702847,-1.4528
0.300588,-0.325711,0.343042,0.288021,-0.561029,-0.120277,1.45115,2.41035,2.10951,0.841705,0.30792,-0.0938884,-0.387258,-0.517482,-1.42545,0.100297,-1.0014,1.5977,1.05663,-1.02185
0.602775,-0.831753,-0.37062,-0.812964,-1.58917,-1.01559,0.325551,-0.882966,0.0911152,-1.13716,0.222599,0.488839,-0.622808,1.3372,0.875418,-0.179898,-1.03387,-0.677065,0.531298,0.804692
-0.416384,-0.752889,-1.84189,-0.744006,-0.696708,-0.0907968,-1.70094,-0.437151,0.991724,1.46702,-0.0892036,0.164628,-1.25428,-0.904553,-1.56834,-1.80769,-0.649468,-0.7635,0.492196,-1.32963
0.716742,0.683708,2.14533,-1.9942,-0.813247,-1.07491,2.38094,0.995932,1.35999,1.21367,2.08743,1.91231,-0.80735,0.318707,-0.120947,1.73439,-0.933738,1.75232,2.16678,-0.672575
0.337882,1.74071,0.41978,-0.0932801,0.69217,-0.659723,0.509146,-0.416477,0.672464,-1.02584,-0.425487,0.586678,-0.227369,-0.0602254,-0.321837,0.290064,-0.271623,-0.100796,-0.838307,-0.0649007
0.26296,0.574648,-0.173927,1.64802,1.45452,0.243378,-0.0630412,0.0310394,-0.563256,0.907501,1.30491,0.885576,-0.563242,0.0841364,0.153188,0.22923,2.1407,0.932913,1.46878,0.644755
0.0659566,-0.0330254,-1.76429,0.474092,0.982293,-0.193776,0.653087,0.300569,0.338318,-0.897117,-1.14665,-0.142324,0.183817,-0.304083,1.39925,-0.62892,0.868141,0.848839,-0.671948,1.35598
-0.106161,-0.625349,-0.858045,1.29345,-0.185819,0.47809,1.00833,0.097294,0.816904,0.619906,-0.173763,0.831499,-1.79442,-0.768214,-0.574696,-1.66385,0.23988,1.16915,-0.537734,-0.930594
0.17436,0.441658,0.863807,-2.24151,0.515962,-0.729619,1.00743,1.76546,0.747005,0.969688,0.311093,1.67156,-0.928884,-0.320371,0.780717,1.46312,-0.434932,1.11935,1.28222,0.324507
-0.0475496,-0.741758,-0.751719,-0.820983,1.76741,1.36229,1.14331,-0.618538,-0.287261,-2.29911,-2.02473,-2.37216,1.30134,0.436172,-0.220131,0.0843977,0.813421,0.105323,-2.47528,-0.172463
0.251657,-0.572114,1.00925,2.32447,1.52358,2.04209,0.984332,2.01615,0.740218,0.614369,-0.958133,-0.383184,0.975006,0.877393,0.608634,0.572494,2.25215,1.86094,-0.0956697,1.54839
0.196314,1.76742,0.234846,-0.863782,0.129397,-0.497426,0.224755,-0.872698,-1.56982,-0.634556,-0.00758974,0.150717,0.00351743,0.20107,-0.779457,0.935611,-0.978524,-0.502339,-0.553586,0.531121
0.269598,1.05244,0.681564,-0.106645,0.910492,0.0719438,-1.07159,-0.332019,-0.909632,1.04927,0.592785,0.0438569,0.0130331,0.361084,1.55309,0.627638,0.444497,-0.933519,0.403357,1.0697
-0.993938,-0.153142,0.382781,-1.65563,-0.966008,0.0208132,0.380571,-0.631881,-0.0439483,0.484465,0.124925,1.15094,-0.0155807,-0.385395,-1.38667,-0.592849,-1.49666,-0.403602,1.13718,-0.762039
-1.02844,0.0981242,-1.29841,-0.308783,-1.13091,-0.295961,0.20793,0.593803,-0.393277,0.534667,1.52917,-0.0746099,1.27402,-1.03516,0.521477,-1.13645,-0.426118,0.472054,0.342558,-0.288889
0.830871,0.225164,0.36419,0.953965,-0.87487,0.151309,0.39605,0.08225,1.29795,-0.223963,-0.724822,0.254268,0.540402,-0.318812,1.39792,0.626811,-0.13937,1.14566,-0.552199,0.99959
0.154687,0.315918,-0.0488251,0.140195,0.308517,-0.124829,-1.26577,-0.0542944,-0.0610469,-0.490481,1.26054,-0.210585,0.330175,-0.283451,0.645215,0.719948,0.358876,-0.837493,-0.3603,-0.163942
1.29885,0.637192,0.916279,0.910158,2.03883,0.500993,0.80586,2.59871,2.61744,2.42106,2.97506,1.0996,0.467942,0.699817,-0.371545,1.6608,0.777354,2.21234,2.79413,0.479237
-0.00302018,1.25544,1.65311,1.24241,-0.308323,0.12866,-1.04232,0.0323429,1.07422,-0.527076,0.184966,-0.528761,0.946889,1.38964,0.966346,1.25768,0.778167,0.598325,0.0347271,1.09256
0.330711,-0.12542,0.271222,-0.628357,0.619697,0.172278,1.30217,0.475094,0.679561,1.18321,0.291407,1.16004,0.115509,-1.08383,-1.93061,1.10643,0.0204062,1.38937,0.918577,-0.954586
0.0225067,-0.953266,-0.559834,0.0153685,0.480137,-0.468572,0.34878,-0.21726,0.73581,-0.54215,-1.05966,-0.683067,-1.47946,-0.0994736,-1.0663,-0.0555629,0.549218,0.404121,-0.115972,-0.277447
-1.50864,-0.419763,-0.848454,-0.273517,0.336105,-0.522376,-0.979365,0.19973,0.401319,-0.423742,-0.641073,-1.27547,0.233737,0.479434,0.790118,-0.570353,0.375057,-0.179123,-0.875548,0.670519
0.887828,-0.323009,-0.890214,-0.485137,-1.85393,-1.59884,-1.41074,0.782915,-0.924307,-2.79175,-2.42346,-3.08189,0.190917,1.69644,0.889163,-0.16121,-1.75918,-1.23626,-2.74783,1.2939
0.164766,-0.924301,-1.09719,-2.45652,-0.928126,-0.119958,0.903869,0.664524,0.331366,-0.289466,-0.871723,0.455803,-1.10693,0.207175,-1.34272,-1.02434,-1.3123,1.12411,0.289152,-0.866781
1.2727,0.446194,0.426098,-0.829328,0.882341,0.144544,-0.0800465,-0.253332,-0.811935,-0.539702,-0.255407,-0.213358,-0.159064,0.50099,0.614369,0.643008,-0.301554,-0.966983,-0.0409696,0.244339
0.786358,1.62028,0.368287,-0.262489,-0.920136,-1.02615,0.298701,-0.10901,-0.803112,-0.329156,-1.04445,-0.491434,-0.197452,0.981252,1.20793,0.165111,-0.262835,0.205741,-0.945616,1.13764
1.01386,1.06193,1.05878,-0.722028,-1.41651,-0.190029,0.974391,-0.463498,0.376313,2.40498,0.496783,1.0732,-1.5669,-0.490695,-0.623784,1.25758,-0.56593,0.874894,0.79729,-1.09795
-0.212837,-0.315603,-0.40451,-0.691894,-0.209541,-0.109826,-2.00116,-1.26607,-2.30852,-1.14016,0.110579,-0.0393137,-1.38068,-1.70814,-0.346285,-0.104507,-0.576568,-1.99322,-0.812442,-1.24766
0.272973,0.398304,-0.16595,0.508492,1.22123,1.63294,0.403568,-0.216246,0.914029,0.131843,-1.20044,-0.480602,0.177708,0.401616,-1.0771,-0.101717,0.925595,0.183444,-1.22379,-0.967856
0.433232,0.968097,2.15487,1.11324,2.10745,3.07385,1.43662,2.71228,0.252506,-1.64908,0.650488,0.0734684,0.571382,0.852278,-0.113131,1.24098,2.30523,1.90459,0.217059,0.325451
-0.604913,-1.15679,-0.385311,1.5901,-0.126527,-0.301592,-2.65512,-0.731503,-0.643999,0.732233,0.258082,0.191881,-0.0499915,-1.59246,-0.632961,-0.801994,0.509716,-1.81233,-0.763013,-0.654831
0.145402,-1.46846,0.175295,0.445601,-0.218429,-1.06618,-1.98553,-0.833619,-0.504083,-0.607898,-0.337972,-0.188789,0.938707,0.876569,0.729786,-0.603147,-0.885039,-0.68385,0.175768,0.736045
0.801911,1.05235,2.61161,0.713319,0.122262,0.253537,-0.355842,0.97648,0.95998,0.913085,1.16381,0.657449,0.997689,0.278569,-0.777891,1.05185,0.0630729,-0.186634,1.06458,0.350881
0.000526365,0.19081,-0.590687,0.148434,-0.528002,-0.368252,-0.750663,-0.0568883,-1.2554,0.644162,0.410034,0.0388893,0.262665,-0.937735,0.628539,0.35048,-0.726154,-0.704449,0.559122,0.137723
-0.457912,0.765873,-0.301796,-2.25887,-1.2261,-1.75359,-0.148573,-0.110234,-0.508897,-0.259135,-1.35814,-0.911233,0.524399,-1.35245,-0.0604793,-0.229844,-2.22619,-0.349416,-1.13955,-0.723509
-1.14951,-0.879965,-0.124711,0.363022,-0.838444,-0.599336,0.466881,1.57866,0.288548,0.689531,-0.0317953,-0.270445,-0.11495,0.99473,1.00676,-0.304545,-0.00283915,0.382779,0.0708932,1.42677
-0.272672,-0.900151,-0.6031,-0.473065,-1.31032,-2.28874,-0.897583,-1.70285,-0.483254,0.73324,-1.727,-1.48728,-0.437356,0.908489,-0.0740621,-0.603226,-1.25825,-1.15939,-0.974136,0.0980315
-1.94189,-2.01414,-0.836402,-0.616615,-1.36852,-0.834705,-0.49307,0.334069,1.33324,0.545336,-0.125712,0.932127,-2.69068,-0.968445,-1.67104,-0.81266,-0.669669,0.379172,0.277081,-1.51265
0.752746,0.140687,0.45462,0.272643,0.358589,1.33117,-1.75633,-0.739777,-1.7466,0.269858,0.0297992,0.761247,1.86358,0.596501,0.318092,0.541082,1.34653,-1.35293,0.714874,1.70712
-1.54805,-0.647637,-1.79617,-1.54291,-3.21865,-2.60304,-0.818427,-2.02645,-0.999725,-1.61118,-1.29634,-0.973871,-1.19697,-0.8816,-0.446459,-0.239251,-3.05617,-1.31994,-2.17171,-0.513299
0.661807,0.292676,1.05849,1.79468,0.0179799,2.26178,1.7042,1.38106,1.99492,1.57922,-0.100435,1.22287,0.0627673,1.8875,0.764654,1.34113,1.50147,2.2855,1.29275,1.18207
-1.08392,-0.158839,0.27139,0.583225,-0.961017,-0.420753,-0.11253,0.273846,0.284035,-0.487215,-1.1981,-0.00367863,-1.70952,-1.2009,-1.69334,-0.537477,0.0734996,-0.388013,-0.356324,-2.01376
2.81015,1.14519,1.89522,0.403434,-0.20685,0.450632,2.06818,0.961096,1.16505,-0.194931,0.741401,-0.316775,0.603891,1.55791,1.29979,1.92674,1.40516,0.734304,0.233162,2.03736
-0.596566,-0.998305,0.755429,2.26046,1.46743,0.589413,-1.20404,0.663006,0.234207,0.560259,0.484382,-1.2034,-1.14204,1.52365,-0.394821,-0.077388,1.30433,-0.710275,-0.39899,-0.443338
-0.0279363,0.769477,-0.634007,-1.18267,0.151839,0.221107,-1.02029,-0.266947,-0.00663201,1.53786,0.821454,1.679,-0.220235,-0.161042,0.235214,0.102785,0.325394,-0.151362,1.18952,0.512599
-0.49708,0.663925,0.854715,2.08477,0.874769,1.13621,0.551711,-0.656794,0.457984,-0.203834,0.292543,0.257207,0.303608,0.480619,0.567151,-0.101411,1.74388,0.261766,0.371323,0.786214
0.680416,-0.504153,-1.34571,-1.94946,-1.97726,-1.90298,-2.6703,-4.4559,-2.48997,-0.235431,0.287378,0.409165,1.08903,0.711286,0.400489,0.107346,-1.33974,-3.64078,0.242733,1.84915
1.28792,0.0918523,0.466975,0.560233,-0.517354,-0.144152,-0.22464,-0.0279877,0.175796,0.660513,-0.35356,-0.313325,-1.43363,0.444167,-0.719902,1.13496,0.167443,0.67911,0.209979,-0.472268
0.783154,0.852077,-0.618818,0.320337,-0.349042,-0.189626,1.53018,0.669759,-0.263325,0.6104,0.859424,-0.447068,-1.46193,-0.671605,-2.96768,0.968766,0.21936,1.23007,0.258506,-1.45423
0.931772,0.567527,-0.176886,-0.0795602,0.444209,2.03179,1.45408,0.119243,1.2502,-0.138208,-1.25491,-0.552431,-0.438751,0.289746,-0.637669,0.336766,0.252144,0.406913,-0.495824,-0.505486
0.158481,0.262891,0.174609,0.67292,0.750116,-0.977966,-1.60723,-1.94152,-2.21272,0.0989505,-2.26041,-2.93246,-0.861239,-0.0162884,0.126271,0.110121,-0.126072,-2.43051,-2.05937,-0.229683
-1.13434,-0.647506,-0.321376,0.413291,1.43464,0.0435494,-1.12749,-1.8121,-0.86813,-3.2176,-1.19234,-2.99976,0.273087,0.22857,1.30049,0.0298568,0.593451,-0.905732,-2.94229,0.512258
-0.303048,0.619082,-0.444917,0.202282,0.0673675,0.630971,-0.786876,0.972803,0.737836,-0.271705,-0.594719,-0.352455,0.794985,0.540587,-0.0215997,-0.00928772,0.627827,-0.222637,-1.07145,0.338297
0.342411,0.783425,1.28627,3.21591,1.79995,2.67377,0.62137,0.995342,2.56585,-0.535539,-0.371287,-0.19443,1.72075,1.03809,0.64862,0.859876,1.69559,0.825955,-0.213809,1.41372
-1.19365,-1.17685,-1.46141,-1.36232,-2.17514,-1.10333,-0.942084,-1.05529,-1.28634,-2.09279,-1.24326,-1.48208,1.50624,0.76927,2.34351,-1.73668,-1.51842,-1.37232,-2.122,1.25038
-0.0790965,0.0965337,0.342785,0.0519176,0.815347,2.09832,1.13648,1.11218,1.54045,-0.181229,1.82797,0.825022,-1.73523,-1.68603,-1.2967,-0.232758,0.140245,1.58112,1.06257,-1.69075
0.738659,0.993907,1.74006,1.03777,2.96805,1.76232,2.49676,2.83375,2.79084,0.306706,1.36099,1.42597,1.63566,0.287526,1.53827,2.39196,1.84701,3.12678,1.67645,1.47427
-0.0620963,-1.20794,-0.387835,0.0497371,-0.467168,-1.42527,0.271078,0.481278,1.03066,-0.207995,0.385175,0.296269,1.22045,1.55883,1.21732,-0.584429,-0.26405,0.247165,0.117891,0.907083
-0.0449689,-0.719517,0.253847,0.474235,0.903721,-0.141774,1.03416,1.11275,-0.273084,-0.75021,-0.164216,-2.42335,1.36549,0.644589,0.608103,0.667271,0.348892,1.35456,-1.58147,1.38573
0.158938,-0.237212,-0.251236,1.37446,0.447646,-0.281364,-1.89921,-0.715893,-1.72011,-0.450532,0.264104,-1.21498,0.112994,1.28288,0.289388,0.761297,0.879101,-1.55711,-0.491994,0.686878
1.28631,0.910003,0.361015,-0.359308,0.17747,0.0806059,0.749566,-0.0982847,1.16054,1.09011,0.334425,1.9363,0.425919,0.522361,0.765386,1.1168,0.418981,1.3056,0.587573,1.34362
-0.855188,-0.474177,-1.33565,-1.26039,-1.5626,0.666628,-1.57345,-0.145241,0.896004,-0.868043,0.539552,-0.181665,-1.14288,-2.63316,-1.24194,0.0229818,-0.162944,-0.312807,-0.218254,-1.06431
-1.16178,-1.19,-0.229721,1.17883,0.122237,-0.415575,-1.16315,-0.79226,-0.652084,-0.923492,-1.24189,-0.972949,-1.03365,-1.73871,-0.321143,-1.19463,0.0413692,-0.88284,-0.561552,-1.00947
2.08862,0.0320912,0.656855,-0.64971,-0.429066,-0.00496461,-0.696504,-1.93272,-1.17288,-1.79738,-0.594229,-0.964045,0.307008,-0.389569,-0.589533,0.839257,-0.414275,-1.78639,-1.50977,1.21275
-1.05508,-1.63031,-1.29957,-0.448856,-1.08668,-0.266388,-0.80946,-1.17925,-1.17098,-0.979196,-1.36235,0.920441,-1.47219,-0.543453,-1.47892,-1.74146,-0.583719,-1.02687,-0.313724,-1.66664
0.0214421,-1.9014,-0.422606,-0.40955,-1.22743,0.598145,-0.668312,-2.00076,-0.670945,0.77152,-1.90752,0.0765265,-0.530217,-0.397212,-0.705141,-0.981317,-0.758969,-1.15276,0.00331133,-0.498039
1.56673,0.389624,-0.0494552,0.332893,-0.402202,1.51042,1.04691,0.568933,1.09926,1.4514,1.11696,0.315401,-0.434864,-0.293646,-1.56561,0.606041,1.18955,0.952987,1.29535,-0.262923
-0.966028,-0.0798714,-1.01814,0.876087,0.312899,0.830935,-1.02373,-0.408963,0.223282,0.69073,-0.366927,-0.697245,0.934166,0.15376,1.35922,-1.0142,0.783859,-0.876983,-0.302741,0.481267
-1.14932,-1.38805,-0.263649,-0.132082,-1.30448,0.516375,-0.102736,0.831283,0.178666,-0.675097,0.120624,0.0410481,-0.924741,1.20019,-1.66006,-0.321817,-1.09098,-0.180222,0.454042,-0.62779
-0.255845,0.670607,1.13049,1.0364,-0.222874,-0.813536,0.71068,-0.745217,0.253,-1.64498,-0.784126,-1.05889,0.573541,0.783291,0.192747,0.8071,-0.0623233,0.601721,-1.6064,-0.217514
0.931599,-0.304244,-1.07143,0.0513418,-0.128114,0.736319,-0.372443,-0.533673,-0.245688,0.539897,1.72418,0.679846,0.844732,1.13213,1.26969,-0.200139,0.410075,-0.629214,1.45469,1.34257
-1.07664,-1.05044,-0.844894,0.752854,0.13461,1.24184,0.684134,-1.39162,1.54492,-1.62206,-1.73956,-1.22276,0.951953,0.935853,1.66487,-1.22428,-0.0801493,-0.735958,-1.36812,1.40763
-0.841666,-0.19558,-0.0506188,0.0292318,0.358882,1.05487,-0.119408,0.743499,0.236101,1.08427,0.589948,0.252079,-0.17813,0.225506,0.345727,0.0157844,1.20866,0.238604,1.14357,-0.168449
1.79344,1.02125,1.22668,2.2695,1.06233,0.858528,2.16486,0.413676,0.227607,1.63838,1.17704,2.93666,-0.515074,-0.668961,-0.492061,1.46379,1.67414,1.28291,3.0158,-1.33457
-1.81069,-1.02845,-0.103236,-0.642255,-1.02409,-1.71716,0.390968,-1.20277,-0.944109,0.483304,-0.224068,0.591898,-0.962813,-1.69376,-0.893395,-0.771538,-0.731532,-0.791299,-0.789464,-1.50631
0.317249,-0.0781942,0.883068,-0.478811,-0.750874,-0.835613,-0.633001,-0.830558,-0.584848,-0.598866,0.129265,0.197841,0.12537,-0.0231684,-1.32317,0.629083,-0.873739,-0.714825,-0.217266,0.31257
-1.95442,-1.06407,-2.53383,0.815017,-0.663974,0.208602,-0.799185,-0.4349,-0.526941,-0.0194756,-0.240743,-2.09014,-0.936348,-1.47901,-1.93413,-2.32606,-0.315077,-0.393763,-0.299549,-1.27747
-0.371855,0.674791,-0.204376,-0.953896,-0.933576,-0.646851,-0.0632764,-0.121999,-0.210376,-1.02262,-0.856959,-1.54833,0.241773,0.407158,-0.375499,0.279449,-0.989181,0.111319,-0.838775,0.478864
-0.213017,0.232649,-0.658708,-0.0906873,-1.57344,-1.29233,1.44585,0.442771,-0.141967,0.398654,0.404652,-0.0256593,-0.424963,-1.44953,-1.33685,-0.84338,-0.407828,0.00195279,0.574629,-1.77522
0.656243,-0.461944,-0.0655511,0.711195,1.06595,0.966456,0.196006,-0.128411,-0.199037,0.140417,-1.05807,-0.0983724,-0.414435,-1.09949,-0.718851,0.145813,1.20145,-0.385838,0.485346,-1.71512
-0.959383,-1.82012,-0.507951,0.599557,-0.358451,0.178293,-0.723331,-0.582788,-1.41265,0.842855,-0.0236971,1.65789,1.59676,2.39834,0.236517,-0.746974,0.537496,-0.749037,0.489331,1.87143
0.258609,1.12078,0.254818,-1.21041,-0.709202,-2.44205,-0.223101,0.435202,-0.436668,-0.688102,0.350179,0.0739184,-0.0873975,0.428273,1.26528,0.889289,-1.13847,-0.194284,0.665814,1.01031
0.26777,0.915167,0.818904,0.403957,-0.273251,-1.20125,-1.31245,-1.19349,-0.466548,0.927699,1.40125,1.67997,-1.09121,-1.61853,-0.659363,0.626669,-1.43871,-0.0799646,0.94335,-1.34487
0.948296,0.511507,-0.0749745,-1.92969,0.0108335,-1.16586,0.246807,-0.701843,-0.210557,-1.30582,-0.171444,-1.51748,0.663977,-0.111223,0.0237311,0.650621,-1.60079,-0.984989,-1.52418,-0.0144885
-0.581641,-0.708156,-0.38719,1.35642,2.00847,-0.774469,0.551869,0.693478,1.35302,-0.380309,-0.0101535,-0.284657,-1.00934,-0.036615,0.795762,-0.733297,0.787905,1.12418,0.227978,0.519365
-0.754789,0.523647,-0.623195,-0.60969,-1.24766,0.343897,1.01825,0.591256,-0.27964,0.00638887,0.848941,0.214826,-1.15939,-0.810722,-0.737081,0.0210903,-0.297145,0.316998,0.903567,-0.900977
-0.0606953,0.309479,0.626968,0.269488,0.688836,0.950834,0.334837,0.556946,0.189097,0.811626,1.42686,1.63648,-0.692301,-0.60737,-0.373567,0.414199,0.345585,-0.389433,2.18851,-0.877678
0.490229,-0.250974,-0.57809,0.501965,-0.574471,0.490969,-1.2286,-1.23103,-0.697604,0.755474,0.0878651,0.478349,-0.660526,0.719361,-0.645844,-0.772474,0.0182012,-1.08453,0.541483,-0.365995
-0.0633553,0.139433,-0.994331,0.670558,0.643201,0.117757,-0.330425,-0.301048,-0.108121,-0.619232,-0.806563,-0.0813857,2.2627,1.07389,1.49387,-0.508271,1.00787,-1.22073,-0.935304,1.14322
0.13035,-0.983783,-0.442998,-0.394677,-0.513644,0.534155,-0.0950336,-0.948213,0.335087,-0.0204355,0.335591,0.551564,0.367495,-0.154326,-0.198381,-0.734225,-0.178446,-0.555369,1.08514,0.742831
1.86502,1.4972,0.78299,1.2299,0.0546275,1.3602,1.38206,0.455503,1.06217,0.0749417,-0.507768,-0.552612,1.05548,1.19202,1.44873,1.53269,1.08367,0.50831,-0.170109,1.70849
0.111837,-1.23634,-0.861844,-0.261653,1.01853,0.443446,1.13698,1.00065,0.753448,2.09657,0.786974,0.914787,-0.917878,-0.517822,-0.531951,-0.351999,0.406027,1.81276,2.23114,-0.319118
0.125364,0.41122,1.23458,-1.60065,0.176906,-0.703264,-0.79713,-0.143531,0.12861,-0.700308,-0.283687,1.18534,-0.347098,-1.01508,-0.905877,0.282289,-0.502479,0.362844,0.365382,-0.683107
0.252328,0.0984939,0.487228,-1.03713,0.0876553,-1.52976,0.346923,0.900163,-0.993766,0.163018,0.210641,1.1022,-0.178605,-0.26763,-0.776001,0.0995353,-0.383819,-0.345122,0.906438,-0.192598
-0.638093,-1.82359,-2.81523,0.655481,0.949418,0.552486,-0.234833,-1.08336,-0.64305,1.37606,0.159972,-0.326855,-0.139072,-0.192983,-0.816791,-1.89046,1.00716,-0.7778,0.14147,-0.660696
0.0897463,0.509984,-1.46135,-0.464833,-0.974543,0.0852375,-0.00249694,-0.591484,0.0902467,0.0993556,-1.68605,-0.780171,-0.636791,-0.597247,-0.195669,-0.930946,-0.454501,-1.00742,-1.35647,0.0135179
0.395192,1.04603,0.0176173,0.718138,0.841444,0.280213,-0.669404,0.0256693,-0.587549,0.238811,0.811143,-0.0410281,2.37048,1.89708,1.44103,-0.163106,0.833846,-0.0162695,-0.395504,1.83275
-0.904611,-0.901356,-0.438628,-0.118086,0.174663,0.765054,-0.365733,-0.654515,-0.201443,-0.18716,-1.67744,0.82574,0.212589,0.983424,0.746481,0.016337,0.29551,-0.410676,-0.924469,0.389952
-1.15628,-1.6192,-1.70645,-0.447613,-0.105656,0.804809,-1.3884,-0.52492,-0.0208956,0.0836072,-1.42175,-0.948399,-1.21112,-1.71307,-1.47335,-1.70621,0.61261,-0.0930788,-1.25283,-0.703721
-0.723038,0.119907,-1.84521,-1.53798,-0.638906,-0.755898,-0.355273,-0.166332,0.393554,-1.32643,-1.29642,-1.98433,-1.13638,-1.86421,-2.4962,-0.0275526,-1.89361,0.128003,-1.5017,-2.06938
-1.00858,-0.79944,-0.34453,-0.0523671,0.594519,-0.00315045,0.716265,1.9221,1.14548,-0.562169,0.124741,0.132918,-0.254711,0.402817,-0.362702,-0.70457,0.402447,1.01429,0.00727214,0.416799
0.930328,0.986377,0.059949,-0.691004,0.72714,0.186092,1.00141,1.31692,0.548395,0.63646,-0.485852,-0.0834638,1.59104,0.756025,0.636269,1.08372,1.28117,0.704609,-0.0207792,0.608378
-1.1106,-0.458918,0.840066,0.297597,0.283173,1.75957,0.186717,0.285327,-0.920111,0.0796123,0.567497,0.737616,0.254108,0.58231,0.0859335,-0.0772442,0.907855,-0.257506,-0.539674,0.730399
0.33986,-0.319859,0.988488,2.05006,0.140455,0.444233,0.606004,0.147952,0.887445,-0.205363,0.159223,0.524181,0.335462,0.00033429,0.541238,0.580204,0.580052,1.9088,0.623187,-0.642394
0.480383,0.0693521,1.28452,1.27244,-0.616507,1.09331,1.21888,-0.364921,0.490197,-1.58667,-0.385634,-1.27723,0.649959,0.751097,0.994141,0.50363,0.427436,0.290613,-2.2171,0.699662
-0.551811,0.086521,0.593111,0.166863,0.0349018,-1.04004,1.72653,0.596654,0.515878,0.616386,0.939037,0.0556362,0.493102,0.624268,1.01935,-0.184187,0.171441,1.37782,0.152102,1.31444
-0.492613,-1.62034,-0.257606,-0.914174,-0.0361926,-0.0313198,-0.282587,-1.65744,0.99739,1.06007,1.40055,-0.173321,-0.827737,0.949677,-0.843288,-1.03034,-0.349925,0.405548,0.613446,-0.214377
-0.790251,0.623406,0.544072,-0.454565,-0.0748633,-1.38109,-0.35005,-1.20288,-1.42517,-0.435646,-1.09999,-0.42525,-2.09079,-0.294733,-1.35165,0.340936,-1.16982,-0.416136,-0.563571,-1.61403
-0.433253,1.05199,-0.0563608,0.0810725,-0.309046,-0.778936,0.468865,-0.506222,-0.735187,-0.565799,0.334179,-0.627344,-0.936693,-0.53022,0.37833,0.172419,0.064969,0.412784,0.775238,-0.93861
1.09267,-0.204443,1.53329,-0.206482,-1.1226,-0.0701676,-0.401756,-0.676232,0.00233857,0.0526759,0.16543,0.109065,0.876593,0.390078,0.149326,1.23531,-0.837608,-0.155882,0.444007,0.580989
1.25127,-0.0733768,1.81308,0.102843,0.489165,1.25687,1.1305,1.05741,1.37645,1.21707,0.235205,1.24285,1.85198,0.333119,0.460409,0.922173,1.13676,1.65275,1.69064,1.36135
-0.461065,-0.253606,-0.290446,-0.732806,-0.562854,-0.150269,-0.788185,0.679958,0.31569,1.18717,-1.0661,0.253872,-0.699385,0.844652,-1.2651,-0.236227,-0.552336,-0.198682,0.22167,-0.385437
0.215367,1.24198,-0.180045,0.20435,0.972262,0.551217,-0.138024,-1.05085,-0.754833,-0.289499,0.315186,1.22834,-0.833917,0.288839,0.507005,0.578433,0.970664,-1.06489,0.669367,-0.255955
-0.560805,0.0614221,-0.193705,1.99582,2.27682,1.19504,0.280176,0.448098,0.671156,0.596496,0.565178,-0.392063,-2.60611,-1.07255,-1.59892,-0.126228,1.78329,0.924349,1.25015,-1.04748
-1.71436,-1.23773,-2.03764,-0.211796,-0.934527,-0.365523,-0.631854,-1.72532,-1.88881,-0.239027,-0.60258,-0.306596,-0.359407,-1.12169,0.416188,-2.06385,-0.579425,-1.77891,-0.974814,-1.4015
-0.466257,0.00346537,-1.57395,0.409822,0.196786,0.739657,-0.356683,-0.301774,-0.810702,-0.0104614,1.32578,1.47955,0.37089,-1.17214,0.518873,-1.20972,0.0980387,-0.23733,1.21401,-0.42553
1.17822,-1.16537,-1.22202,-0.0354839,1.0644,-0.624702,-0.130195,0.257316,0.716479,0.256939,1.20489,0.721263,0.135408,0.404623,1.67208,-0.733464,-0.0195769,-0.856824,0.254166,0.829437
0.407596,0.398728,-0.203323,-0.567901,1.15531,0.229991,-0.198714,-1.49174,-1.03085,0.908495,0.234096,-0.847294,-0.479225,-0.599006,-0.294596,-0.509896,-0.632147,-1.2643,0.314802,-0.672285
2.05732,1.6641,1.64877,-2.4808,-2.33491,-1.41785,-0.902664,0.829373,-0.638163,-1.98324,-0.114882,-1.09889,2.47324,-0.103544,1.73073,1.6164,-2.2204,-0.0136941,-1.21311,1.55704
0.297642,0.397272,1.0056,0.092609,0.371602,0.246146,0.406455,-0.746648,0.692519,-0.0886655,0.249682,-0.296955,1.60185,0.784901,1.11124,1.13926,0.576529,-0.00750529,-0.370356,1.19799
-0.653681,0.111,0.967992,-0.688654,-0.491609,-0.145027,0.250268,-0.960458,-0.480648,1.11535,1.92158,1.36109,-0.496972,-0.386578,-1.43931,0.48622,-0.0697495,0.207654,1.67599,-0.444053
-1.74472,0.226478,-0.182316,-0.0128285,1.5015,0.18918,-2.03695,-1.01099,-0.692457,0.0682868,0.205502,0.68463,-0.773729,-1.58932,-1.43001,-1.43142,0.299929,-1.36025,-0.413751,-0.617335
-0.505621,0.586236,-0.34014,1.02714,0.507282,-0.394499,-0.0504329,-0.646602,-0.477887,0.126795,1.75664,0.555162,-0.891456,-0.0561183,-0.754979,-0.404043,0.745785,-0.211709,0.88567,-0.815725
-0.192524,-1.20373,-0.430988,-0.498337,-0.155671,-0.633005,1.19035,-0.0802898,1.04187,0.351933,-0.761048,1.14486,-0.0917171,-0.359678,-0.948053,-0.772056,0.240297,0.750472,0.0841123,-0.636304
-0.131381,0.833861,1.08176,-0.461763,1.26537,1.2504,0.341424,-1.15106,-0.175517,1.19928,0.66781,-0.509325,-0.310741,0.29045,-0.203655,0.391952,1.00891,0.344441,0.133494,-0.753862
1.25742,1.60791,-0.172951,0.731242,-0.385247,0.174873,0.423912,1.20973,0.80661,-0.999091,-0.352556,-0.921756,1.95211,0.418929,0.69906,0.707243,-0.488737,0.27068,-0.727293,1.05638
-1.62318,-0.810085,-2.09938,0.782113,1.14424,0.206282,-0.568556,2.00615,1.29055,0.0317542,-0.116016,-0.517334,0.14461,0.333502,1.50053,-1.87565,0.864973,0.483353,-1.12063,0.720246
-0.00710488,-0.513652,-1.01037,-1.11607,-1.03197,0.165087,0.797087,0.249579,0.784589,0.291128,-0.213622,-1.04188,-0.839148,-0.993666,0.527398,0.0842889,-0.66117,1.49306,-0.0204699,-0.932155
-2.61343,-0.374371,-2.64413,-1.44442,-1.59078,-0.0574817,-0.312058,-0.478946,-0.644856,0.122288,-0.0494643,0.331294,-0.861917,-2.14015,-1.20848,-3.06787,-1.35747,-0.437715,0.270014,-1.88931
-0.306615,0.359875,-0.25174,-0.0382688,0.438169,0.48483,0.506242,1.31137,1.02275,0.994552,0.661704,-0.198634,-2.46629,-2.72672,-1.46439,-0.257399,-0.246858,0.984602,0.302762,-2.58011
-0.0954096,0.343043,0.237801,0.881272,1.27078,0.430293,-0.419643,1.05857,2.27135,-0.347045,-0.819823,-0.688502,-0.496319,-0.157685,-1.14843,-0.198906,0.70436,2.1665,-0.42374,-0.542264
0.182556,-0.299637,-0.303231,0.468758,0.14886,1.26165,-0.390474,0.0168056,0.51367,2.56852,2.66848,1.26512,-0.155468,-0.228402,-1.55862,0.32571,0.330182,0.717073,3.01928,-0.862849
0.660617,0.789629,-0.31361,-0.0494625,-1.09217,-0.475555,0.589989,-0.00907053,-0.729415,-1.90638,-0.95206,-1.3117,-0.308819,-0.211621,-0.372219,-0.752541,-1.33284,0.0164281,-2.14675,0.0200891
-0.583112,0.617248,0.0617915,-1.06922,-1.10641,-0.250689,-0.829781,-0.307807,-0.879027,0.429611,-0.318141,-0.668709,1.00961,0.686725,1.44269,0.0131906,-1.07637,0.160033,-0.235624,1.33645
-0.430691,1.14462,0.524883,1.04302,0.139744,1.11467,0.0675763,1.07572,0.358091,-0.103455,0.31686,-0.644838,1.18584,0.453073,1.90383,1.01621,0.598442,-0.000498432,0.429734,0.971292
-0.221727,-0.64953,1.12551,0.562163,1.29354,-0.522679,-0.0188232,-0.103745,-0.0598886,0.488967,0.101607,0.762272,-0.553462,-0.188647,0.605365,1.04096,-0.346506,0.483059,1.09748,0.177557
0.482569,-0.307217,2.55046,0.369795,0.0642838,-0.495203,1.0812,0.455047,1.30203,-0.982789,-2.02112,-0.867489,0.108696,-0.292724,-0.320305,1.00607,0.112601,0.747725,-1.46221,0.210192
-0.520634,-0.526438,-0.320364,-1.45508,-0.474318,-1.56963,-0.718781,-0.868725,-1.31677,0.887921,-0.12228,-0.851015,-0.678931,-0.44203,-1.21278,-0.689459,-1.28844,-0.734924,0.419368,-0.424609
-0.0329461,-0.303734,0.423715,0.0656989,-1.83071,-2.03109,-0.319856,-0.178149,-0.0879736,1.2828,1.42644,-0.486051,0.219346,0.0173975,-0.230809,0.153885,-0.591085,-0.138818,1.40924,-0.158119
0.23384,0.214224,-0.105121,0.520511,0.124999,0.640145,1.53534,0.200771,0.949662,0.393253,-0.972344,0.710765,-0.401662,0.75138,0.260895,0.24772,1.19836,0.775383,0.664218,0.299953
0.433537,1.21763,0.281812,0.783234,1.18041,1.00082,0.910356,1.90795,0.744416,0.629769,1.67387,0.676778,1.5638,1.38326,0.581564,0.974085,2.83452,1.21489,1.47663,1.56189
-0.614312,-1.47478,-0.0724792,0.714348,-0.623872,-0.991537,-0.447639,-0.0485197,-0.611723,-0.869901,0.33118,0.595847,0.0438261,-0.0646481,-0.0551068,-0.929315,0.291158,-0.635159,-0.29664,-0.0436217
-0.0381532,-0.437115,-0.919827,1.49702,-0.240613,0.61866,-1.33856,-1.40364,-1.6151,3.28256,1.4323,1.98169,-0.733908,-0.620955,0.23545,-0.242441,0.855356,-0.593053,2.17586,-0.791856
0.104497,-0.25289,0.11155,0.662634,-0.331949,0.842283,-1.04124,-0.316944,1.26207,-1.1642,-0.157908,-0.381007,-0.0429156,-1.71629,-0.176346,-0.163749,0.18316,0.0779201,0.178957,0.114456
-0.19002,-0.945962,-0.583569,0.66422,-0.832092,0.503932,0.782879,-0.219638,-1.04822,1.05647,0.117612,1.3592,-1.77304,0.0466565,-0.287529,-0.405688,0.768259,-0.354201,0.884198,-0.977103
1.2404,2.25451,0.878349,-0.0829694,0.876813,0.667888,0.905457,0.127725,0.573104,0.197758,1.66713,-0.000795876,0.298916,0.912861,0.872886,1.97444,0.665415,1.32259,1.16504,0.300096
-0.687399,0.527582,-0.0514168,0.36365,0.848469,-0.607906,-0.0684133,0.467852,-0.941476,-0.383382,-0.14664,0.440907,-0.701853,-0.944184,-0.371268,0.904845,-0.215463,-0.515236,-0.392253,-0.760838
-0.618444,-0.669723,0.908267,1.02645,0.148869,0.841117,0.118444,1.00738,0.556132,-0.300622,-0.574357,0.262515,-0.22215,-0.955016,-0.519804,0.140734,0.596206,0.741655,-0.469759,0.149108
0.179493,1.20028,-0.823623,0.896206,-0.311159,1.03417,0.06654,0.602981,1.92831,1.49728,1.52594,0.646023,0.785739,-0.388493,1.40954,0.39841,0.769574,1.29153,1.30011,0.297908
1.19209,0.175751,1.70533,1.53967,-1.36229,-0.410154,-0.19493,-0.236213,-0.645803,-1.62394,-0.816256,0.440419,-1.47416,0.349223,-0.741037,1.17342,0.349412,-0.79445,-0.549648,0.1047
0.453336,-1.08716,-0.197783,-1.92407,-0.704239,-1.01272,0.844973,-1.60511,-1.29711,-2.59527,-1.17601,-0.909431,0.62412,-0.366304,-0.765862,-0.371795,-1.83799,-0.938115,-1.58717,-0.651632
-0.247638,-1.76855,-0.649973,-0.834874,-0.59524,0.429582,-1.31338,-0.128975,-0.699291,-0.947906,-1.3717,-0.942455,0.244143,-2.80278,-0.657526,-0.961133,-0.516092,0.306247,-0.428275,-1.17296
-0.25533,-0.680643,-0.290888,-0.402134,-0.28346,-1.66106,-0.788884,-0.873609,-0.566852,0.180078,-3.06192,-1.27223,0.886586,-1.19043,-0.146076,-0.600952,-0.264889,-0.592337,-1.47453,-0.701245
1.32924,-0.543208,1.35303,-0.327299,-0.356784,-0.355599,-0.0361879,-0.544445,0.028384,1.2201,0.145146,1.56773,-0.14284,-0.53529,-0.932109,-0.0171073,-0.177997,0.175793,0.906974,-0.596936
-0.31793,-0.772313,0.57201,-0.534072,-0.984515,-0.680096,-2.09809,0.0836123,0.305164,0.489471,0.606508,0.310856,0.651571,0.219749,0.557068,-0.110984,-0.8751,-0.83002,0.36278,0.616195
-0.126748,-1.56069,-0.939747,1.26588,-0.404137,0.371386,0.587659,0.651733,-0.154092,-1.79367,-0.681514,-0.919223,-0.718053,0.146477,0.633171,-0.689109,0.0368023,0.894566,-1.53708,-0.428855
0.296242,-0.556324,-0.381509,0.727059,0.268057,0.698616,-0.601737,-0.785225,-2.05506,0.991803,0.521958,-0.0645868,1.69442,1.00841,0.260809,-0.0222053,0.153367,-0.975859,-0.365102,0.68638
0.354975,2.96751,1.35951,-0.182416,-0.172541,-0.650687,-0.838757,-0.1166,0.925407,-0.534072,0.812428,1.07521,1.65175,-0.513186,-0.445831,1.8254,-0.352137,-0.208958,0.756882,0.340424
-0.0988538,-0.697232,-0.513872,1.38132,1.53996,0.941753,-0.13891,-0.435193,0.0259699,0.41603,-0.684442,-0.463014,-0.997904,-0.0179775,0.080832,-0.356384,0.791012,-0.628858,0.217103,0.289303
0.329958,-0.430243,0.403434,-0.644965,-0.864381,-0.580933,0.0738867,-0.141954,0.316897,-0.546574,0.335075,0.238566,0.964483,0.903305,0.730851,-0.316065,-0.921956,-0.462883,0.139138,0.676647
-0.665758,-0.304396,-1.28749,1.52705,-0.121999,0.463883,0.150998,0.300926,-0.685624,-1.01442,-1.17051,-0.984055,-0.591583,-0.676922,-0.143312,-0.624164,0.714834,-0.394776,-1.12533,0.092997
-0.178294,-0.502123,-0.578427,-0.538818,-0.0725205,0.590185,-0.0783073,-1.15841,0.216577,-0.00620956,-0.397304,-0.312061,0.526565,1.04136,-0.464497,0.491459,-0.345893,-0.497188,0.208099,-0.00354349
0.65155,0.277521,-0.640132,-0.668823,-0.433854,-1.16121,0.318891,0.433831,0.355206,-0.255207,0.0122549,-0.858043,0.583728,0.971657,-0.083673,0.151319,-0.464044,0.227606,-0.10593,-0.562501
-0.120779,-1.20028,-0.0216377,1.10884,0.574932,-0.217824,-0.359419,-1.04121,1.06561,-0.245333,-0.526809,-0.326515,-0.283574,0.385417,-0.0705497,-0.205685,0.45192,0.397174,-0.606464,0.346221
-0.346638,-1.09373,-0.928217,-1.00897,-1.24621,0.0733458,0.573908,-2.26779,-0.976439,-0.42569,-0.465169,-0.780632,-0.430522,0.291369,-0.586933,-0.260001,-0.47112,-0.642574,-1.21574,0.192766
0.297553,1.12115,1.11627,0.215421,-0.173261,0.155211,0.220869,-0.970584,-0.759684,0.230044,2.18847,0.74158,-0.778032,-0.292572,-0.220046,0.904409,0.276283,-0.25343,1.71066,-1.16634
-0.357967,-0.186697,1.13457,-0.482939,0.298505,0.983516,1.68381,1.64798,0.884424,0.413733,-0.595184,0.0777338,0.698439,0.853755,0.753934,0.205709,0.16882,1.47595,0.274269,0.540822
-0.902057,0.651215,0.339505,0.0165794,-0.83834,-0.627686,-0.177392,-0.294453,0.177182,1.00343,1.46802,1.27883,-0.703217,-0.847858,-2.50119,-0.131833,-0.733605,0.164219,0.63568,-1.58537
-1.0257,1.01726,0.837672,-0.331367,0.390416,-0.923292,-0.6914,-2.28559,0.596601,-0.539088,0.332961,-0.495212,-0.44536,0.307218,0.557311,0.436468,1.11779,-1.03468,-0.400421,-0.115066
-1.34783,-1.24265,0.50695,0.945349,0.873641,-0.432923,-1.87561,-0.086001,-0.683547,-0.255633,-0.820617,0.0356987,-0.363322,-1.81836,0.0905084,-0.351836,0.669276,-1.02606,-0.927848,-0.446607
1.0817,0.794615,1.50691,0.766866,-0.0880115,0.278778,0.506423,0.840461,0.173273,-0.279014,-0.160057,-0.145144,0.502898,0.827188,0.503347,0.616812,0.860257,0.864336,0.454993,0.79601
-0.245329,0.201189,0.106257,-1.16669,-0.990009,1.19596,0.900878,-1.71365,-0.773438,-0.260713,0.133559,0.198431,-0.605329,-1.19162,0.246776,-0.140741,-0.766211,-0.599756,-0.200624,-0.151744
0.996217,0.270835,1.00177,1.57266,1.06012,1.00321,-1.31317,0.727105,0.57851,-0.382822,0.721199,1.21488,1.47139,0.270647,0.225124,0.637423,1.04436,-0.248035,1.23292,0.493858
-0.43219,-0.444584,0.281686,-0.071732,-0.202917,-0.730119,-0.617494,-0.492456,-0.191947,-0.921399,0.850753,-0.873475,-0.925515,-0.367938,-0.178666,0.0651971,-0.347157,0.182942,-0.710377,-1.15503
-1.07873,-1.13064,-0.345389,-1.94984,-1.62862,-1.306,-2.00504,0.0609984,0.54151,0.329538,0.246417,-1.16972,0.0571265,0.104792,-0.0250625,-1.91147,-2.27836,0.0412123,0.248101,0.0462645
0.312658,0.39714,-0.137168,-0.00854931,-1.10578,0.213483,0.69862,1.01906,0.988532,2.32655,0.997682,0.949109,-0.732787,-1.38883,-1.41329,-0.0214271,0.0568297,0.35647,1.38651,-1.65427
-1.83794,-2.13316,-1.50419,0.990204,0.472789,1.66124,1.03527,1.84153,0.231397,0.79546,-0.602907,-1.02719,-1.30237,-0.880652,-0.864572,-1.59303,0.303704,1.08698,-0.0506888,-0.825175
1.11504,1.12065,1.03343,-0.154151,0.424913,-1.22542,1.16963,1.59631,0.589325,1.1384,-0.277794,1.15086,-1.90455,-1.72743,-0.0638538,1.4925,0.146945,1.57564,1.72426,-1.9823
-0.0190188,-0.354198,0.326296,2.68674,2.10499,1.34771,0.78421,1.80207,0.224119,1.58592,1.85844,-0.101531,-1.11764,-0.228207,-1.10804,0.439571,2.48219,1.45063,0.781522,-0.233154
-0.278976,-0.0154428,-0.615381,-0.0097769,-0.354319,0.669892,1.18039,-0.81559,0.997077,-1.1692,-1.11691,-2.16106,-0.67175,-1.72377,0.0447033,-0.0687289,-0.3752,0.592359,-1.67583,-0.749292
0.572192,0.277381,1.53198,0.175649,-0.00958036,-0.115828,-1.31282,-0.868011,-0.759247,-0.735786,-0.76114,-0.434939,1.44365,0.268136,1.91718,0.24387,-0.116403,-0.714144,-0.744703,1.69267
1.52095,0.288852,0.230159,0.857789,0.202689,0.478851,-0.0372282,-0.1296,-0.349095,0.590264,1.07871,-0.234045,1.529,0.320479,2.57036,1.43919,0.389122,-0.661034,0.508496,1.44553
-0.313589,0.136887,-0.310247,-1.7513,-2.69495,-0.616027,-0.890013,0.263478,0.204216,0.512197,-1.7985,0.116825,0.560042,0.0711351,-0.122154,-0.115115,-1.62273,-0.297556,-0.637296,0.236179
0.975172,1.25699,0.956881,1.94225,2.03874,2.51785,1.26302,0.68713,0.886536,1.80287,1.76719,2.73735,1.34675,0.981509,1.17301,1.98937,2.79745,1.86599,1.9856,1.70373
0.384055,0.0228181,1.00664,1.06089,0.367439,0.536274,1.27986,-0.556151,1.40743,-0.0547267,-0.696604,-0.883619,0.0467492,0.279034,0.571628,0.175172,1.1142,0.878211,-0.895661,0.624506
1.90993,1.06507,0.266066,0.285685,0.951067,0.868058,0.923734,0.573235,0.76624,0.102907,-0.107891,-0.670533,0.591894,1.883,0.284037,1.58533,1.39484,1.24435,0.856382,1.33129
-0.253856,0.686384,0.496724,1.46051,0.392493,1.01022,0.494362,0.866024,0.0672829,1.27668,1.44324,0.46303,0.442314,0.25112,1.19922,1.07768,0.902955,-0.0902245,0.725249,0.708631
-1.12047,-0.165631,-0.600081,-1.45604,-0.854005,-0.857418,0.398348,0.859224,-0.0733956,-1.01629,-0.34837,-0.0203324,0.00636285,0.698733,1.19918,-0.989172,-1.07296,0.131932,-0.54868,1.18322
1.26077,1.37687,1.4804,1.36498,-0.00550236,0.0208313,0.572364,2.34794,0.578142,-0.265577,-0.700628,0.29913,-0.0023478,0.745717,0.398348,1.43932,0.298638,0.555227,0.212095,1.15054
-0.58576,0.0771375,-0.903995,0.113619,-0.34496,-0.829905,0.534761,0.00676619,1.32742,0.39397,0.510499,0.609943,-0.239507,0.678249,-0.354889,-0.507808,-0.341907,1.12121,0.158713,-0.478013
-0.906224,0.567364,-0.480371,2.14145,1.86719,1.56215,1.14433,1.18536,-0.322952,-1.03742,0.255203,0.341814,0.296752,-0.761252,-0.0982677,-0.485962,2.00303,0.671248,0.236708,0.0810816
0.548242,-0.4348,-1.10823,0.338447,-0.105932,0.639842,1.12588,0.719513,-0.30145,-1.10033,-1.23053,0.70835,-0.552055,-1.46089,-1.52441,-0.406399,0.98408,1.13588,-0.271858,-1.62449
0.570246,0.471257,-0.31218,-0.217888,0.211893,-0.627319,0.54177,-0.486604,-0.261465,1.44863,0.219438,1.33431,-0.00961349,0.965616,-0.393899,-0.20089,-1.18326,-0.378545,1.46317,-0.782924
0.635167,-0.436448,1.36302,0.0549153,-0.0481271,-1.50565,1.7668,1.34638,2.27483,0.13712,-0.35596,1.56569,-2.50838,-1.21315,-0.424037,-0.116272,-0.840255,1.87997,0.795643,-0.579562
0.161856,0.645401,0.426633,-0.465837,-1.68743,-1.18668,0.768272,0.345122,0.0593629,0.963845,0.60295,0.464092,1.04837,1.14153,0.495007,1.08505,-1.03552,0.222125,1.25516,0.899727
0.13348,-0.795398,0.320951,-0.914343,-0.591683,-0.552262,0.789133,-1.1305,1.10103,-0.0565952,1.93062,-1.44965,-0.616604,0.348446,1.06346,0.71483,-0.47375,1.07388,-0.375688,-0.254147
-1.51831,-1.34619,-0.421021,-0.166998,-0.20634,-1.45497,-0.150968,-0.380032,-0.576591,-0.179539,1.66835,-0.829386,0.090296,0.829888,0.905542,-1.30589,-0.390456,0.0524001,0.161319,0.181129
-0.955566,0.527172,0.600196,1.14435,0.702199,0.243373,-1.35337,-1.20354,-0.205419,-0.177222,-0.2824,-0.199927,0.521503,1.92774,0.304459,0.261444,0.538299,-0.453133,0.535456,0.352713
1.57278,0.257287,1.07021,-0.718782,0.557739,0.218284,0.808737,1.26178,-0.564107,1.16993,1.66365,0.809111,-0.696119,-0.230258,0.311567,1.78774,-0.749803,0.411346,1.06021,0.478377
0.425038,0.400748,0.66485,0.0585472,-1.31321,-0.606077,0.163499,1.5208,1.4876,1.31314,-0.239181,0.484502,0.507649,0.157554,-0.106482,0.806689,-0.823408,1.5415,0.48189,-0.213949
1.722,0.664461,0.117499,-1.37153,1.99981,-0.0906108,0.149102,1.87773,1.33737,1.99984,0.988467,0.469896,0.59758,0.871859,-0.348443,1.27502,0.804857,1.4162,1.66654,0.207644
0.50087,0.156562,1.65419,3.28655,1.84813,2.69593,1.14657,1.25105,1.17733,2.09511,2.50245,1.02755,-0.0540882,0.0580041,0.0884487,0.667191,3.32098,2.11735,2.78395,-0.091601
-0.0851631,-0.969323,-0.753115,-0.270941,-1.10114,-0.339399,-2.2034,-2.06157,-1.78436,-1.26832,-1.88196,-1.72305,1.81311,1.05337,0.761738,-0.542382,-0.878268,-2.75035,-2.11723,1.76911
0.0593267,0.95562,-0.0909282,-0.309243,0.231916,-0.769177,-0.761567,-2.68205,-1.04598,1.27906,0.8608,-0.3629,0.634484,1.47119,2.11777,0.974188,-0.925679,-1.21892,0.376413,1.42117
1.19946,0.569768,1.68858,-0.577127,1.15424,1.74505,1.54867,0.992135,1.4676,-0.0164739,-0.442851,0.952303,0.903559,0.747374,1.15567,1.59571,0.949738,1.16772,-0.226159,1.77568
0.618831,-0.311019,-0.970895,-1.18206,-1.71769,-1.75212,-0.413373,0.857686,-0.419513,-0.723753,0.0125038,-1.40323,1.20765,1.65509,0.875609,-0.0774604,-1.30393,-0.422223,-0.997825,1.3232
-0.650379,-0.875071,-1.42012,-0.308795,-1.04452,-0.746973,1.10783,0.612454,0.0119389,0.918204,1.05932,0.34588,-0.214854,-0.382706,-0.23455,-0.830872,-0.555597,0.226857,0.22355,-0.773365
-1.28987,-1.14175,-1.44354,-0.314661,-1.05321,-0.0380627,-1.25386,-2.41058,-2.16131,-1.42681,-0.398116,-0.0294897,0.351725,1.51205,0.12253,-0.542819,-0.467765,-2.02394,-1.28924,0.173557
-1.32689,-0.0124176,-1.54206,-0.532927,0.322422,-2.39137,0.229186,0.690211,-0.630355,0.167839,-0.0925736,0.452578,-0.33604,0.481915,-0.298133,-0.686571,-1.61284,-0.0660481,0.234804,-0.14524
-0.265735,-0.0677479,-1.42404,-0.0287815,1.3779,0.605955,-0.551748,0.0352523,-0.386771,1.05226,1.32856,1.34756,0.273562,-0.207485,1.32216,0.057887,0.505945,0.226555,2.13638,1.14722
0.260742,0.807484,0.444549,0.42562,1.01182,-0.046966,0.107454,1.15026,0.0994518,-0.994585,0.472935,0.572673,0.929729,0.0819522,-0.258056,0.156795,-0.499572,0.627741,0.745264,0.364312
1.23619,0.939073,1.4929,1.09494,2.00193,1.0369,0.912232,0.87795,-0.392028,0.0376295,-0.821059,-1.00027,-0.285061,0.343931,0.55027,0.316697,1.16342,0.827483,0.566888,0.396375
0.491664,-0.0907018,0.979488,0.935638,1.29973,1.87652,0.592932,0.242356,0.910609,-0.0587044,1.8198,0.681086,1.74312,1.3422,0.904305,0.69221,2.0707,0.211749,1.07323,1.40218
-0.0733005,-1.056,-0.465533,0.509453,-0.731531,-1.5712,-1.42042,-1.02445,0.380701,-2.01549,-0.545764,-1.91844,1.675,1.35545,0.773296,-1.21223,-1.01284,-1.01694,-0.840557,1.48098
-0.528183,-0.0180682,0.144999,0.662425,0.719192,1.55752,0.00180637,-0.639887,-0.955865,0.487943,-0.820519,-0.59397,0.490721,0.909266,1.90143,0.153824,0.761509,-0.47057,-0.00983801,1.14521
0.592609,0.635367,0.499465,1.09978,1.18933,1.00718,-1.41398,-0.588357,-0.247327,0.86742,0.681263,-0.161709,0.712292,0.713178,-0.0277415,0.609193,1.77901,-1.16683,0.26501,0.436927
-0.174336,-1.15224,-1.53955,-0.522548,-1.12133,0.168209,-0.00707705,0.208861,-0.463892,0.0317891,0.771312,-0.168525,1.30861,0.112177,0.685917,-1.0716,-0.528303,0.186733,0.428918,0.625562
-0.659644,0.578657,0.156497,0.428326,-0.134895,1.63611,-2.1476,-0.500578,0.305131,0.782075,0.541686,0.404318,0.161214,0.761334,0.804873,0.746851,0.599441,-0.9047,1.53994,0.114339
-0.275529,-0.415146,-0.571115,-0.146851,-0.831783,-0.641212,-1.17653,-0.379764,0.475563,-0.514006,0.160072,0.968249,-2.01118,-0.707498,-1.40664,-0.852637,-0.480206,-0.616729,-0.132423,-0.989745
1.30228,1.54199,1.01537,0.0316285,0.403163,-0.759037,-0.0455623,0.667786,0.676214,-0.837638,-1.48791,-1.93245,2.49711,1.84861,1.64729,1.90363,-0.46545,0.442524,-1.61705,2.52167
-1.85883,-0.709738,-0.347554,-1.09014,-0.250041,-0.17652,-1.50221,-0.499792,-0.635101,-0.947108,1.16964,-0.0841839,0.813771,1.29826,1.21042,-0.931411,-0.552728,-0.978939,-0.717758,0.00859335
-1.60207,-0.489673,-1.00404,-1.04696,-1.18327,-0.62796,-1.03097,-0.787051,-0.891454,-1.87711,-2.29927,-1.30668,0.949342,0.694322,0.267947,-0.827573,-0.747538,-0.585549,-1.87273,0.642469
-0.147507,-0.145993,1.44158,-0.493251,-1.39552,-1.00762,-1.23685,0.0819774,-0.991804,-1.3806,-0.684497,-0.426425,0.512316,0.71641,0.616945,0.229258,-1.14753,-0.816199,-0.977581,0.620391
1.28063,2.12416,0.0534687,0.878057,1.23515,1.32552,0.504174,0.463776,1.19141,2.67268,1.44354,1.80573,-1.84908,-1.13599,-1.65672,1.18325,1.78511,1.36548,2.15543,-1.2937
-0.187686,-0.671457,0.0229049,0.573304,1.32185,1.70882,-0.270666,-0.35543,1.73929,0.561282,0.280583,-0.305427,0.255148,0.422228,1.15581,-0.722991,1.42278,0.515224,0.387582,0.381955
-0.505357,-0.168469,-0.463033,1.36581,0.0488926,0.330923,0.178774,0.582679,1.00485,0.688036,-0.871558,-0.316518,-0.837523,-1.80699,-0.185147,0.349519,0.30554,1.36221,-0.491098,-0.903606
-0.827488,1.2521,-0.640819,0.956067,-0.111324,1.07843,-0.220461,0.467066,0.910717,-0.182346,0.960896,-0.433256,-2.00123,-1.57797,-1.36923,-0.105178,0.325674,-0.547903,-0.579424,-1.5784
0.718551,-0.652463,-0.837229,-1.55263,-1.32916,0.579479,1.81804,0.584294,1.68264,1.11768,0.930109,1.73679,0.558505,0.350013,0.824208,0.800781,0.0837376,0.907953,1.18114,0.300971
-0.274673,0.551042,0.50462,-2.50527,-1.26436,-1.79,0.462763,0.189892,-0.359489,2.84606,1.96379,1.40603,0.0587701,-0.396861,-0.685895,-0.0869741,-1.17481,0.124999,1.82163,-1.37832
-2.15528,-2.65957,-1.52857,-1.20215,-1.50145,-1.85206,-1.97489,-0.62044,-1.66514,-0.271885,-1.06222,0.347172,-1.06192,-0.466011,-1.23807,-3.32584,-1.86542,-1.55938,-1.38885,-2.00147
-0.914557,-0.799517,-0.612404,-0.933557,-0.0868814,-0.80651,0.774193,0.83183,-0.0337445,0.237278,1.01953,1.51993,2.32034,1.90363,0.324599,-0.802815,0.610395,-0.123701,0.358323,0.95004
0.194077,1.48174,-0.0410602,1.69299,0.973416,2.69991,0.0634913,0.765042,0.418092,1.12883,1.06395,0.111693,0.673389,0.251818,0.801237,0.940257,1.9263,0.630266,1.19198,1.19643
0.26183,-0.00455105,1.24207,0.291653,0.136117,0.794651,1.25728,1.85133,1.9785,-0.728592,-0.192525,0.411529,0.974643,0.932564,-0.0208817,0.936637,-0.0980547,0.772857,0.268722,0.907765
-0.50526,-0.550465,0.294199,0.437245,-0.709618,-1.26838,-0.91508,-0.320203,-0.112625,-1.02121,-0.87453,-1.31153,-1.04635,-0.685476,-0.167196,-0.579248,-0.771849,-0.676111,-0.705459,-0.588011
2.13312,1.91519,2.20359,1.0072,1.21191,0.304822,0.300401,0.781389,2.38014,-1.56764,-0.543164,-0.464319,0.874202,0.351326,-0.0108365,2.00419,0.652211,1.46403,-0.695153,1.06125
-1.90231,-0.445923,-0.868876,-0.702924,-1.29593,0.208964,-0.186182,0.201102,0.630141,-2.54779,-0.453353,-1.62219,0.0579223,-0.529195,-0.580318,-1.3163,-1.69397,0.68185,-1.80648,-0.479768
0.402259,1.09363,1.996,-0.886212,-1.39385,-1.10293,0.944489,0.621124,0.327412,-1.46486,-1.75055,-1.48123,-1.29365,0.726929,0.0604727,0.220028,-1.00726,0.372283,-1.00201,0.153659
-0.805176,0.313129,-1.94391,-0.526825,-1.22321,-0.693142,-0.973575,0.332849,-1.13786,-1.71236,-0.875416,-0.32181,0.510427,-0.948701,-0.289076,-0.880024,-1.56083,-0.426469,-1.32378,-0.00622896
-0.119484,0.366474,-0.580756,-1.07013,-1.20636,-1.85687,-0.459582,-1.27143,-0.336453,0.156912,-0.0991838,-0.0182001,0.597507,-0.0642233,0.0879969,-0.455099,-1.55358,-1.37547,-0.238144,0.305646
0.81447,0.945259,1.24087,1.12298,0.502992,1.30658,-0.298101,-0.409459,-0.100945,2.1254,0.517352,0.541563,0.0532173,-0.0821119,0.0592747,1.201,0.560383,-0.94648,0.78063,0.296877
-1.65926,-1.97988,-1.66556,-1.18433,-0.379402,0.457078,-1.61362,-0.919132,-0.275042,-1.98979,-1.40762,-1.96367,-0.505533,-0.200778,0.102281,-1.84294,-0.0466102,-1.63552,-2.5779,-0.391249
0.330357,0.209542,-0.257145,-2.77985,-1.67907,-0.636434,-0.702626,0.369937,-1.01406,-1.07821,-0.161486,0.0508629,-0.025598,0.446456,0.714991,-0.529822,-1.05826,0.212624,-0.462527,0.788777
0.513244,0.348061,-0.322248,0.0154672,1.19314,1.18488,-0.0515473,-1.46085,0.0834391,-0.964732,0.685521,-0.574252,1.65364,1.99344,0.760564,-0.226422,1.15736,-0.66709,-0.695893,1.28683
-2.0942,-1.56866,-1.50416,0.446781,-0.941201,0.46194,-1.15666,0.329771,-1.22572,-2.5978,-1.46322,-0.247905,0.752671,0.977562,-0.189092,-1.20715,-0.461481,-1.46581,-2.16747,0.272621
-0.895111,0.821611,1.16963,-0.351781,-1.47888,-0.861995,0.703969,-0.128038,1.18071,-0.762943,0.410698,-0.426407,-0.389031,0.126215,-0.885867,0.323171,-0.724079,1.46067,-0.14553,0.321623
1.0777,-0.404638,0.29154,0.120143,0.218927,0.383764,-0.42823,0.347897,0.217374,1.00732,-0.141443,1.57698,-0.0077403,1.21804,1.17927,0.936721,0.478891,0.072417,1.15963,1.16274
1.08959,-0.142341,0.831639,-0.0489147,-0.054025,1.07053,0.49008,-0.232684,0.0239306,-0.267407,-0.638439,-0.00360524,-1.20402,-2.16742,-1.92658,0.76128,-0.464408,0.408559,-0.34691,-1.92604
0.3017,0.445508,-0.768776,0.719302,0.34603,1.72794,-1.49042,-0.663489,-0.287549,0.920931,0.214157,0.0316942,-0.589406,-0.518338,-0.00180274,-0.301059,0.767922,0.144388,-0.412317,-0.469799
-0.56725,1.41358,0.290503,0.951032,1.03225,0.84899,2.91391,0.535146,1.25882,0.0212571,-0.447992,-0.00564991,0.722696,-0.394253,0.53572,0.24457,0.753721,1.1302,0.286813,-0.0808237
0.690286,0.88841,1.28522,0.100547,-0.216759,0.0478211,0.515719,0.906848,0.930026,-1.19464,0.314108,1.28125,0.44279,1.0928,1.40832,1.27847,0.179648,1.14993,0.0763709,0.949185
-0.146571,0.323068,-0.292307,-1.26094,-0.303501,-1.54645,-0.640188,-0.852609,-1.86837,-0.175235,-0.0810267,0.173292,0.195642,-0.31266,0.543214,0.400808,-1.60249,-0.854192,-0.209823,0.114474
-0.135774,-0.553034,-0.497897,0.076385,1.37911,0.112988,-1.54842,-1.37374,-0.526567,-0.900441,-1.62395,-1.81156,0.797624,1.01847,-0.36655,-0.0584175,0.288429,-1.6769,-1.42875,0.869665
-1.41518,-0.140659,-1.51684,-1.19111,-1.65712,-1.03469,-1.30398,-0.326004,-0.725396,-1.8701,-2.48082,-1.33679,0.528234,-0.941138,-0.294322,-1.49722,-1.54101,-1.02,-2.29416,-1.15454
-0.959606,1.39678,-0.000563212,0.421398,1.01681,0.990242,0.356737,0.17667,1.38793,1.14915,0.925158,-0.139041,1.23541,0.880449,0.436256,-0.115102,0.257302,1.26153,0.60895,0.0461763
-1.49511,-1.00863,-0.498042,0.114311,-0.319199,-0.656386,-0.876814,-1.21391,-0.453337,-0.333081,0.100219,0.961795,-1.16157,-2.0085,-1.13659,-1.62436,-0.184032,-1.88633,-0.54594,-0.818718
0.255926,-1.20277,-1.59946,-2.28823,-1.29068,0.439048,-2.3846,-0.708318,-0.239785,-1.35256,-0.389528,-2.54691,0.757205,0.805658,0.582009,-1.11695,-0.991522,-1.50589,-1.56965,0.943682
-1.43494,0.419911,-0.916774,0.94294,0.0880181,0.859107,-0.844909,-0.411341,-0.305741,-0.65148,-0.470868,-0.0909357,0.347365,0.664315,-0.156716,-0.490872,-0.0975819,-0.562929,0.133539,-0.0479495
-0.375892,0.902097,0.593465,0.896989,0.82335,1.14317,-0.924147,-0.322338,-0.812381,-0.0450972,-1.28954,0.686422,-0.985245,-0.418349,-0.790212,0.367156,1.0154,-0.834565,-1.08462,-0.633071
-0.260958,-0.754574,-0.501947,-1.23427,0.348842,-0.914276,0.164825,0.420566,0.416722,1.11826,1.16336,0.503352,-1.72987,-1.11823,-2.71238,-0.501085,-1.29675,1.32876,0.520303,-2.65598
-0.18801,-0.766956,-0.807092,-1.14188,-0.19137,-0.418523,0.485689,0.28874,-0.992445,-0.251349,-0.986961,0.32364,-0.838064,-0.213222,-0.564573,-0.942543,-0.750359,-1.01844,0.143994,-0.615627
0.140244,0.713043,1.16312,0.189812,0.107659,-0.380999,-0.461333,1.27294,-0.357146,-1.98141,-0.764191,-0.493922,1.09928,1.81716,1.29629,0.352871,-0.0277562,-0.946892,-1.21181,1.93814
0.758537,0.578417,0.985455,-0.715748,-0.369649,-0.879794,-0.636682,-0.143296,0.619918,0.344766,-0.394929,0.155351,-0.335805,0.0474155,-0.35587,0.226483,-0.147231,-0.15773,-0.0717322,-0.847027
0.78981,1.84154,1.91061,0.639906,1.5838,1.23046,1.15315,1.10646,1.07746,0.389582,2.57336,0.927304,0.929545,-0.0267115,0.930961,1.91442,1.53437,1.28523,0.94989,1.33909
0.734904,-0.0995559,-0.0156525,0.165966,-1.06615,-0.460986,-1.59301,-1.18931,-1.46717,0.211062,-0.362334,-0.771064,1.25465,1.29548,2.14522,0.782232,-0.855821,-1.12796,0.135449,1.53839
-0.892169,0.275992,-0.699476,-0.0680218,0.473246,0.228218,-1.63083,-1.42573,0.196855,1.79431,0.846881,0.431509,0.0166099,-0.634335,-0.794873,-0.511738,-0.1763,-1.53165,0.289079,-1.07475
1.67654,1.23716,0.389477,0.986318,1.57937,0.835378,0.506933,0.748272,-0.675868,0.703313,0.339699,-0.206487,1.4406,-0.180592,-0.110989,0.365236,1.14539,-0.340602,0.317294,0.568909
0.313932,0.447131,0.015363,-0.63661,-0.00157928,0.24652,0.301847,0.829083,1.55391,0.380928,-0.595122,1.34686,0.224182,1.47954,0.209524,0.15999,-0.256198,1.60261,0.401836,0.943814
0.162042,-0.289755,0.69498,0.570641,0.386785,-0.0118365,-0.808033,-0.602695,-1.27078,-1.99002,-0.0227307,-0.883045,1.33266,2.47069,2.06149,-0.648278,-0.0443183,-0.629536,-1.56616,1.6807
1.49433,1.42198,0.700243,-0.852354,-0.957659,0.0441918,-0.515031,0.1134,-0.744082,1.35908,1.25263,1.07093,0.475908,-0.553478,2.11692,1.32173,-0.890216,-0.0114792,1.288,0.146587
-0.657244,-0.571821,-0.607733,-0.131704,0.973991,-0.0746807,1.18776,0.438294,1.08655,-1.01848,-0.171873,-1.10127,1.41276,0.241909,-0.633953,-1.16584,0.534991,0.880122,-0.549988,0.930082
1.28737,0.479256,0.97272,0.974883,2.55485,2.08422,0.763172,1.98902,1.17453,1.71645,2.05,1.1533,1.08494,0.632882,1.00155,0.664168,2.78084,1.59236,1.89104,0.630264
0.00952711,0.120262,1.09376,0.626178,0.507831,-1.41672,0.976412,0.54373,0.13294,0.648204,-0.0130929,-0.369251,2.16739,2.03783,1.301,0.385699,1.03682,0.569778,-0.0759804,2.08235
1.48752,-0.448776,-0.176288,0.31193,0.16282,-0.149016,1.34739,0.620454,0.281254,1.35439,1.15967,0.190625,0.614498,0.143236,-0.0256979,0.491036,-0.143717,0.648413,0.504198,0.271874
-1.42056,0.215811,-1.18666,-0.143838,0.000348467,0.43889,-1.60816,-1.35979,-1.92133,-0.254442,-1.32855,-0.845582,-0.190351,0.903528,0.543428,-1.08777,0.0930146,-1.92829,-0.265422,1.13404
1.01438,-0.0534114,1.65417,-0.325806,0.104292,1.27729,0.838937,1.40832,0.297667,-0.534081,1.22253,1.39536,-0.35718,-0.902233,0.126926,0.884239,0.671989,0.730304,0.686647,-0.443378
-1.04128,-0.754157,-0.357268,0.401412,0.0251107,0.464037,0.0509129,0.704951,0.552462,-0.203473,-0.108785,0.808184,0.0491297,1.0297,-0.369291,-0.440754,0.50668,0.987595,0.807438,0.566073
0.809034,0.536489,0.0451238,1.39375,0.222625,0.786712,-0.553985,-1.15999,-0.197603,0.368753,-1.2532,-0.25065,0.556305,0.281581,1.15073,0.257083,0.828863,-0.627484,-0.446245,0.793491
0.342732,0.612207,0.742155,1.03941,1.48511,0.832535,-0.732122,-1.78568,-0.432356,0.940857,1.52554,2.12914,-0.150584,1.21546,0.000986287,1.03695,1.20805,-1.07017,1.96202,1.42077
0.103631,0.574734,1.41449,-0.730049,0.105831,1.39326,0.589556,1.47995,1.23298,0.559578,1.35846,2.82598,0.252701,0.446959,0.941668,0.194844,-0.127897,0.973422,0.839544,0.218408
-0.615884,-1.50996,0.144772,-0.144309,-1.11198,-1.94858,-1.03544,-0.956634,-0.200069,1.0877,0.425422,1.38939,-0.96516,-0.359511,0.606382,-0.690249,-0.979364,-1.19818,1.50478,-0.366296
0.768216,0.708762,1.3431,-0.087645,-0.604092,0.148704,-0.0632858,-0.547665,-0.540924,-1.06895,0.298092,0.321228,0.917236,1.00519,0.431246,0.698916,-0.720772,-0.16158,0.348711,1.00346
-0.684769,0.503999,0.217271,-0.794188,-0.653167,-0.349186,-0.585701,-2.05954,-2.00213,-1.66859,-2.36284,-1.208,-0.704928,-1.73262,-1.00857,-0.431121,-1.31145,-0.971832,-1.79767,-1.95283
0.912093,0.844165,0.971511,0.672873,1.50808,1.80758,0.750526,0.976696,1.22434,-0.447561,-0.0716815,-0.989304,1.25091,1.11165,1.31175,1.01049,1.77109,0.732094,-0.721054,0.808484
-0.461163,-2.19426,-1.14265,0.443396,-1.25289,-0.561453,-0.735288,-0.309492,-0.79448,-1.16373,-0.698612,-0.668838,-0.309038,-0.889893,0.428033,-1.14423,-0.54046,-0.651671,-0.586126,-0.372348
0.199577,-1.12741,-0.111069,0.265459,-0.21577,-1.04594,-1.07285,-1.26424,-2.44831,-0.343448,-0.364672,-0.308917,0.241421,-0.600245,-0.437605,-1.08615,-0.785561,-2.86844,-0.492643,-0.448104
2.15944,1.26156,1.93215,1.36918,2.0164,0.972087,0.348413,1.68427,-0.115314,1.53433,1.38309,0.30222,0.435935,1.26954,0.908782,1.52692,1.90813,1.09008,1.2208,0.333307
-0.367302,1.0589,0.909175,1.49468,-0.578552,-0.0595034,1.00526,2.03786,0.414543,0.709481,0.446011,0.103901,-0.369972,0.322143,1.16762,-0.186246,0.637078,0.911165,0.997497,0.140959
-0.639852,0.628365,0.155906,0.0806944,-0.456133,0.0481015,1.23491,0.992638,2.45328,0.536537,-0.644175,0.366931,0.0911914,2.0829,0.264294,0.324362,0.750438,1.23744,0.655014,0.740383
0.304162,0.958203,-0.550737,0.36238,-0.712817,0.663003,-2.14469,0.551138,-1.29455,-0.949362,0.19861,0.103648,0.566794,0.670094,0.668669,-0.0470256,0.619891,-1.24343,-0.785279,1.42958
0.901118,1.55418,0.805869,-0.62357,-0.575776,0.913226,0.520844,-0.505163,0.87026,1.2458,-0.202708,0.423876,1.22621,-0.910111,1.05619,0.937077,0.144066,0.569298,1.34945,0.315101
0.670459,0.433025,0.556579,-0.303147,0.0325574,-0.711642,-1.01651,-0.549009,-2.1647,1.33579,0.687354,1.35939,0.22765,0.681866,-0.626802,0.697491,-0.419478,-0.621227,0.152055,0.657202
-0.0718353,-1.89115,-0.7544,0.406318,0.17979,-0.126772,0.305489,-0.301388,-1.2524,-0.931992,-1.52621,-0.0717997,-1.73567,-1.70113,-1.43723,-1.6534,0.101075,-0.07895,-1.40881,-2.23211
1.39038,0.919052,-0.518166,-2.0778,-0.0680904,-1.19454,-0.753086,-1.03884,-1.07361,-2.14089,-0.825946,-1.49472,-0.592905,-0.562712,-0.118441,-0.3208,-1.53629,-1.0182,-1.27848,-0.293726
-1.03299,-0.0938707,0.427318,1.94999,1.49152,0.710486,-0.058942,-0.326673,1.13372,0.57537,-1.25572,1.00919,-1.02053,-0.99107,-0.337116,-1.22175,0.68358,0.922171,-0.479182,-1.13169
0.228816,-0.106145,-0.308722,-1.76566,0.527839,0.30425,-1.24568,-0.520652,1.22944,1.09221,-0.943672,-0.75813,-0.668134,0.573553,-0.815284,-0.322176,0.259483,-0.908422,-0.321444,-0.677388
1.65471,0.708607,-0.592342,0.438136,1.73662,1.36897,1.21512,0.801024,0.414866,0.155962,1.69799,0.345668,0.0839622,0.297854,-0.0814277,0.384136,1.21883,1.07896,1.02762,0.0964173
-0.774365,-0.249026,0.164874,0.651407,-0.480879,0.0919503,-0.061838,-0.375051,-0.894076,-0.483429,0.0262667,0.694855,1.11407,-0.0549047,1.61024,-0.0575417,-0.0567514,-0.397883,0.013865,1.13959
-1.2202,-1.37141,-0.954169,0.369912,1.80815,0.942154,1.95442,1.10021,2.6727,1.15008,0.465707,0.866171,-1.6374,-0.680372,-2.07265,-1.08787,1.30962,1.53597,1.29786,-1.69031
-0.511515,-1.81298,-2.02112,-0.0543631,-0.228466,-0.412231,0.377815,-0.530583,0.333948,-1.48611,-1.41682,-0.113502,-0.040296,0.0675719,0.216498,-2.06899,-0.253804,-0.198385,-1.33315,-0.0870368
-1.28501,-1.94598,-0.879425,-1.07207,0.360475,-0.704904,0.343161,-0.121907,2.04986,-0.0448056,-0.525241,0.348953,-0.0198301,-2.08081,-0.86719,-1.58693,-0.114924,0.465845,0.383543,-1.5516
-0.104933,-0.440193,-0.190412,0.503904,0.702431,1.91752,2.06766,1.28706,1.01071,0.737413,1.79156,1.7185,1.60977,0.929721,1.2002,-0.441781,1.15011,1.3994,1.31888,0.686818
0.00610108,0.672057,0.597312,-1.67518,-1.39811,0.181092,-0.457691,-2.1779,-1.35372,-0.686752,-1.66118,-0.490155,1.08352,0.676221,0.543712,0.196533,-0.768611,-2.34509,-0.663953,1.07839
-1.99681,-2.37598,-2.05269,-1.24322,-1.37308,-0.573252,0.409471,1.08309,0.348038,-1.50767,-0.64905,-0.93258,-0.810141,-0.390049,0.626342,-2.27589,-1.7649,1.15395,-1.93067,-0.637908
-0.606613,-1.21609,-0.455538,-2.46634,-2.23152,-1.24962,-2.46748,-1.64061,-1.12527,-0.0762787,-0.0975798,0.305485,-0.254623,0.196108,0.68232,-1.05045,-2.11738,-1.34492,-0.0517615,0.0503521
-1.25301,-0.552003,-0.544272,0.27617,-0.356011,-1.79648,0.692044,1.06182,-0.592158,0.710062,1.2694,0.48173,-1.19169,-0.580344,1.15291,-0.419283,-0.68862,0.660443,0.528717,-0.403151
-2.60276,-0.755362,-0.63045,-0.133601,1.2219,0.83938,-0.735974,-0.695123,1.02158,0.0308185,-1.67575,-1.17965,-0.690727,-1.01897,-0.507495,-1.60077,-0.75106,-0.355512,-1.13042,-0.834776
0.298672,0.163823,-0.307533,1.11051,1.14908,-0.687201,-0.214901,-0.367888,0.47174,-1.16267,-0.454107,-1.48164,0.414442,0.049818,1.05848,-0.155704,-0.0754612,0.404473,-0.854883,0.0254012
0.973361,0.883902,1.18421,-0.139177,-1.03657,-0.889932,-0.246159,1.47272,1.35955,-1.43408,-1.18087,-1.05637,-0.486575,-0.164177,-1.02752,0.862977,-0.434642,1.20236,-1.68914,-0.408144
-1.31329,-1.20257,-0.831271,-0.210454,-0.53612,-0.0734494,-1.02607,-1.2898,-1.96812,-2.0493,-1.51149,-1.7792,0.844779,0.968878,-0.174218,-0.877298,0.247757,-1.45481,-1.97706,0.353822
-1.36488,-1.67325,-1.47381,1.27745,0.720844,0.970912,-0.0471727,0.775072,1.76239,0.0414896,-0.126407,-0.142365,-1.41397,0.0025398,-0.148703,-1.95919,0.988903,1.87805,-0.256755,-0.62115
1.4396,-0.213402,0.764625,0.49513,-0.0647149,-0.214,0.0542698,0.190759,-0.974946,-0.609293,-0.155548,-2.02921,1.40641,1.47193,1.7917,1.04662,0.267785,-0.398395,-1.24858,1.32145
-0.135659,-0.770705,-0.0625127,-0.932745,-0.367573,-1.14146,-1.16143,-2.03235,-2.18127,0.469436,0.00342078,-0.262726,-0.257611,0.26896,-0.42459,-0.741349,-1.47107,-1.68165,0.164136,-0.171289
-0.873541,-0.825091,0.53921,0.193558,0.473807,-1.89566,1.27216,0.647804,1.48951,-0.916052,-1.3783,-0.314105,-3.08395,-1.43201,-1.04841,-0.22476,-0.668169,1.03897,-0.338602,-1.68094
-1.39714,-1.12073,-1.02357,-0.353926,-0.0223978,0.590638,-0.101384,1.27003,0.24884,-0.567328,-1.53545,0.597582,-0.224447,0.421893,-0.264743,-0.638105,0.559869,-0.0654292,-1.04715,0.287873
-0.318174,-0.0346869,0.279427,-0.195771,-0.565432,-0.759476,1.09251,1.06814,0.0443599,-0.141854,-2.0681,-0.0320295,-0.380222,-0.761033,0.260072,-0.115263,-0.158735,0.55693,-0.968902,-0.0376993
-0.771958,0.227565,-1.43465,1.35261,0.636751,1.30197,-0.39296,0.723572,-0.453538,-0.0941725,1.61706,1.47961,-0.934634,-1.69472,-1.74611,-0.970578,0.656216,0.0680954,0.83407,-1.19818
0.124472,0.415107,-0.818867,0.810075,0.859521,0.908598,-0.00475942,1.0295,-1.34226,-0.666642,0.752127,-0.319891,0.459182,-1.48426,-0.733487,0.0125005,0.00716319,0.183882,-0.60325,-0.812987
0.484634,0.644298,1.46959,-0.187058,0.643743,-0.747108,-0.00385331,0.75669,0.213317,0.56102,-0.476074,-1.04659,0.585136,-1.13386,-0.600987,1.02934,-0.0226527,0.688545,-0.762919,-0.70076
-0.251616,-1.8479,-0.801189,1.032,1.44207,1.29769,-0.866912,-0.478408,0.0409024,0.251287,0.144386,-0.37793,1.7089,2.51466,1.52522,-0.717779,1.88027,-0.628594,-0.563221,2.11134
0.458952,1.28991,-0.0506408,1.39206,-0.107459,-0.632171,-0.690553,-1.40582,-2.00011,0.880978,0.585895,0.751476,1.15912,-0.704134,0.373025,0.614312,0.244618,-0.554116,0.897968,0.434326
-0.333107,-0.55677,-0.853103,-1.1883,-1.61312,-1.5507,-0.138548,1.26553,0.043761,0.287654,0.614397,0.536482,-0.595641,-0.700836,-0.905415,0.249974,-0.592735,1.37216,0.253825,-0.845371
0.852865,1.01581,0.645247,1.39239,0.012781,-0.0332913,1.40185,2.57027,1.70439,0.606541,-0.758696,-0.258551,-0.165862,-1.36567,-0.217307,0.623546,1.40733,1.5931,-0.232182,-1.08438
-0.939261,-1.02806,0.445657,0.783948,-0.721684,-0.00185766,-1.18734,-1.07255,1.00143,2.64515,1.59042,1.02706,-1.77421,-1.13565,-1.92255,-0.441303,0.890755,-0.537392,1.99491,-0.429032
0.0104405,-0.474703,-0.41083,0.0665571,1.25747,0.525673,0.0542079,-0.658063,0.758684,-0.744227,-0.798664,0.939275,0.721014,-0.241819,1.0179,-0.287821,0.609495,0.0333492,0.325984,0.423751
2.15016,0.269872,-0.00743642,0.530141,1.23594,1.42619,1.73637,1.59553,-0.332598,-0.516723,-0.685289,-0.244167,1.05076,0.110818,1.0907,1.23336,1.07484,1.13448,-0.788836,0.566547
1.18794,0.867425,1.51438,-0.738376,-0.594418,-0.355691,-0.221266,0.572564,-0.53242,1.16298,1.51356,1.10028,-1.80069,-0.253161,0.229633,0.915614,-1.28,0.152434,0.346698,-0.844114
0.178232,-0.377868,-0.58234,-1.33763,-2.48051,-1.56863,0.890102,-0.880945,-0.0155766,-1.05388,-0.926661,-0.594103,-1.87895,-1.03446,-1.78043,-1.02698,-1.80972,-0.110211,-1.58464,-1.33342
0.708715,0.387468,1.30082,-0.400485,0.522,-3.10865,-2.20255,-0.323341,-1.39662,-1.56891,0.0720829,0.077416,0.955522,0.894036,0.410772,1.1787,-0.531379,-1.41657,-0.82578,0.662258
0.74956,-0.627701,-1.1215,0.990491,1.84229,1.9559,0.835342,-0.0337966,0.94626,0.707838,1.08005,0.144123,-1.27793,-0.953355,-1.91494,-0.624563,1.44318,0.897295,1.4508,-1.76775
-1.30329,-1.16866,-0.94452,-0.373079,-0.355179,-1.4728,0.179522,-1.22002,-0.874433,-0.374886,0.0191077,-1.14045,0.331349,0.151691,1.13468,-1.52872,-0.760976,-0.988887,-0.770082,0.518455
1.00806,-0.0182497,0.792001,0.124809,-0.704788,-0.695136,0.483863,-0.437246,-0.0406296,-0.194711,-0.605467,-1.2588,0.760576,-0.643005,-0.72713,-0.0157944,-0.990208,0.160455,-1.14464,-0.53195
-2.72838,-2.22376,-1.13234,-0.176619,-1.39014,-0.261813,-0.199869,-1.87214,0.366274,-1.53291,-0.688948,-0.955476,-1.12014,-0.287,-0.136644,-1.64733,-1.39166,-1.14994,-1.10398,-1.64082
-0.491905,-0.0270299,0.0236494,-1.4795,-1.11045,-0.778079,-0.21708,-1.50275,-0.0721275,0.785006,0.723623,0.883048,1.51279,1.16549,1.11632,-0.466622,-1.15824,-1.10124,0.0136661,1.22597
-0.772466,0.197543,-0.227489,1.31739,-0.964411,0.761496,-0.00647521,0.483199,0.893071,2.08109,1.24146,1.7202,-1.51705,0.0950761,-0.843577,0.0189641,0.677721,1.27813,2.00975,-1.13397
-0.581798,0.456608,-0.117915,0.276493,-1.7637,-1.37472,-2.07958,-0.399701,-2.11544,0.0773489,0.66744,-0.38233,0.494626,-0.166435,-0.127297,-0.752426,-0.89104,-1.44543,0.363724,0.52243
0.0403391,1.00121,0.929863,-0.538933,1.00151,-0.402683,0.0748123,0.429415,-0.245298,0.759389,-0.239333,-0.364904,1.1183,1.04994,-0.207079,0.397024,-0.335529,0.408024,-0.957952,0.758026
0.264762,1.14848,-1.56698,2.04715,0.764857,0.647333,-0.410964,-0.712023,-0.0270936,1.01836,-0.600187,0.88481,0.480327,0.217489,-0.5299,-0.0855987,1.65459,-0.158614,1.23544,-0.364514
1.52888,1.3014,1.01743,-0.137063,-0.212304,1.02078,-1.76717,-1.15128,-0.799442,0.643824,-0.240343,1.73199,-1.4822,0.351676,-0.204544,1.27017,-0.0777248,-0.871851,1.61238,-0.127742
1.16293,0.244343,0.335944,-1.2561,1.0091,-0.0263898,1.1511,0.782855,1.09674,1.34221,0.0115382,0.96431,-1.68833,-0.615043,-1.0949,0.301357,0.0953373,1.51496,0.0176817,-1.23742
1.67579,0.850827,0.392376,1.03987,2.00613,0.618049,0.574589,0.499054,0.78551,0.420603,-0.434232,1.21833,-0.275408,1.09826,0.16041,1.11361,2.2225,0.603135,0.288958,0.140866
-0.14076,0.279191,0.350367,0.158395,-0.230056,-1.2134,1.08473,-0.436673,-0.36873,-0.739099,0.380696,-0.499089,0.17281,0.16529,-1.03723,-0.438726,-0.400453,0.12114,-0.758911,-0.488006
0.288988,0.302076,1.0046,0.602687,1.11112,0.190504,2.18663,1.12039,0.308961,1.06572,1.54828,0.972024,-0.225696,1.50435,-0.568601,0.457612,0.535935,1.77585,2.25487,-0.417314
1.65285,1.04102,1.92812,0.379462,0.863341,-0.603046,-0.265505,-0.623011,-0.780611,-0.579555,-0.888817,-1.16083,-0.321114,-0.00763627,-0.52783,1.63985,0.319772,-1.00944,-0.611351,-0.194951
-0.207363,0.208819,-0.373808,-1.64701,-2.78131,-0.471718,-1.78133,-1.93387,-1.85751,-0.232101,-1.57131,-2.04827,0.436082,1.31248,-0.301478,-0.322137,-1.91838,-1.84262,-1.92635,0.939603
-0.763769,-0.410247,-0.250879,0.0138656,1.05162,1.16447,-0.675215,-1.85038,-0.861326,-0.164489,0.0926639,0.232869,-0.525873,1.19141,0.302598,-0.444357,0.605735,-0.471778,-0.438491,0.0435259
0.129178,0.937677,1.71609,-0.929169,-0.766326,-0.503145,1.33653,1.13706,1.42304,-1.00316,-0.620466,-0.218868,1.03023,0.868837,0.574671,1.30294,0.0306079,0.271001,-0.213808,1.30228
-0.119807,-0.321442,0.254472,-1.30176,-1.8023,-1.33063,-0.941442,-1.03191,-1.23583,-2.09926,-1.69839,-1.4965,-1.10417,0.532189,1.49314,-0.780986,-1.66651,-2.20287,-2.79171,-0.024098
-0.682436,-0.699729,0.0658692,2.10962,-0.317412,0.570174,0.383396,-1.0383,0.122255,0.884102,1.955,1.09018,0.295511,0.716349,-0.140887,-0.630365,1.62257,-0.885128,1.3816,0.190464
-1.25389,-1.00741,-1.72499,-0.0210853,-1.01943,-1.01615,-0.203378,-1.67321,-1.28731,-0.451404,-0.725046,0.00338818,-0.653148,0.587837,0.501982,-0.586361,-1.04037,-0.53115,-0.802043,-0.136391
-1.06554,0.694882,-1.1492,0.372989,-0.498803,0.083306,-1.49105,-3.34906,-1.72631,-0.191426,0.270359,-0.721527,0.462139,1.75871,0.412783,-0.992979,-0.0897709,-1.80845,-0.55844,1.09731
0.609265,1.36652,1.0772,-0.365771,-1.87124,-1.86871,0.131802,-0.172833,0.512136,1.67694,1.64715,-0.0362433,0.0750748,0.387361,0.524829,0.888739,-0.491705,0.412434,0.874666,0.00477439
0.620554,0.697691,1.56105,0.15188,-1.16461,-0.345538,-0.291162,-0.85718,0.45062,-0.829284,-0.38307,-0.682148,-1.02196,0.602882,-0.0769063,1.31466,-0.241373,0.41328,-0.625837,-0.182378
0.854921,1.17089,1.57647,0.193748,0.606502,0.54334,-0.182577,-0.322944,-0.386098,-0.58734,-1.36917,1.15268,1.63561,1.4203,0.326354,1.02551,0.418436,0.288806,-0.238393,2.18047
-1.19696,0.857271,-0.400173,-0.527725,0.473648,0.871313,0.342105,-0.2283,1.55385,0.370363,0.992323,0.429206,0.0816877,1.43852,1.48206,0.0372473,-0.38029,0.522826,0.0142167,0.786176
-1.58339,-0.669974,-1.19792,-0.487205,-0.721374,-0.824867,0.546117,0.274716,-0.499664,-0.184521,-1.28143,1.06935,-0.190511,-2.73938,-0.576837,-0.837307,-0.840648,-0.11175,-0.90873,-1.02395
-1.35676,-0.0804298,-0.364343,1.04834,2.1097,0.06736,1.40553,1.74619,0.90399,1.34603,-1.53658,-0.0847551,0.462568,-0.103875,-1.2854,-0.0283086,1.57363,1.73142,0.16935,-0.256426
0.295113,-0.519221,-1.21817,0.688984,-0.281006,-0.228448,0.528469,-0.26833,-0.872339,-0.042518,-0.26803,0.148983,0.896092,0.435358,-1.24174,-1.32641,0.986731,-0.455028,0.969918,-0.485638
0.634097,0.456719,0.0971524,1.14872,1.20676,0.460017,-0.499997,-0.604824,0.320053,-0.0520992,1.01975,-0.623595,-0.139099,-0.258803,-0.37441,-0.569084,0.556673,-0.0577311,0.440246,-0.0319616
0.18327,0.640435,0.492788,1.52381,0.34503,1.26802,-0.0371828,0.819783,1.38807,-1.25948,0.457378,-0.709287,-1.17462,-1.81972,-0.48956,-0.0153072,1.516,1.64613,-0.742918,-0.610019
1.83685,0.910491,1.56469,-0.127311,0.118466,1.67676,-1.76154,-0.537429,-1.28176,-1.19282,-0.974395,-0.378739,1.61886,2.31929,1.00314,1.78363,0.112286,-0.887091,-0.579968,2.52002
1.07355,0.843405,0.508479,0.216953,-0.625057,1.49172,0.943589,0.196303,0.415178,1.14856,1.40329,1.96575,-0.718584,0.932765,-0.112937,0.709192,0.0819625,0.624009,1.51868,0.00708897
2.28003,1.01339,1.19376,1.00291,1.44831,1.81413,0.79694,0.209306,0.0357991,0.467731,1.18827,2.61095,0.253002,1.00343,1.33015,1.47025,1.62537,0.965168,1.90914,0.824381
0.492727,-0.101401,-1.237,-0.324602,0.503075,0.00932795,0.786781,-0.356381,0.173212,0.656987,0.849284,1.57365,-2.28332,-0.796957,-0.328438,-0.955793,0.811266,0.0674494,1.28868,-0.971907
-1.07507,-0.801623,-0.279643,-0.309467,-0.560962,0.575307,-3.18693,-1.93929,-1.67486,0.421934,-1.16337,-0.151282,-0.146227,-1.52483,-0.610406,-1.01301,-0.0904649,-1.78133,-0.644134,-0.325999
0.126997,0.415821,0.237071,1.08775,0.257283,1.64369,0.202098,0.105814,1.06077,0.215219,-2.22863,0.623222,0.00644568,1.05969,1.88016,-0.232406,0.703516,0.877222,-0.215499,1.45101
0.742319,0.0330255,0.78422,1.06164,1.41888,0.291751,1.45463,0.825421,0.968336,1.3565,1.38983,0.879215,0.409865,0.578332,0.255591,0.354427,0.5417,1.46778,0.996258,1.02568
1.84112,0.41998,-0.456759,0.200981,-1.29585,-1.18333,-0.277658,-0.241472,-0.414621,-2.74797,-2.88452,-1.14479,1.16902,1.09139,1.11047,0.804015,-0.26329,-0.359867,-2.78655,1.42216
-1.00811,-1.70406,0.316911,1.70549,0.922695,1.39246,0.549221,0.553608,1.84506,-0.313575,-0.969855,-1.58717,-0.0817324,-1.00624,-0.475861,-0.441941,2.11457,0.446527,-0.63017,-0.0113168
-0.0719327,1.18816,-0.11971,-0.376901,-0.250349,-1.15053,-0.417473,-0.709517,0.0921906,0.755792,-0.0446765,-0.415249,0.254212,0.0440618,-0.202047,1.35507,0.305927,0.0467247,-0.0707265,0.409862
2.81729,1.22613,1.70227,1.42845,0.916993,1.5308,0.846291,1.16347,1.71752,1.63354,0.855504,1.06794,1.02922,0.558712,-0.839547,1.52105,1.37431,1.48864,1.10007,0.247901
-0.62796,-0.644918,-1.28522,-0.319085,-1.0609,-0.335961,-1.2477,-1.28656,-0.899787,-1.47261,-1.61326,-1.35282,0.841742,1.08964,1.34918,-0.940255,-1.23909,-1.45072,-1.63358,0.133132
0.320059,-0.362844,-1.82358,-0.203352,-0.39035,-0.464674,0.269928,-1.58361,0.172601,1.22245,1.51808,0.642567,-0.227808,-0.676842,0.0540573,-0.216264,-0.259534,-0.273847,0.793174,-0.376848
-0.0319209,-0.299051,-0.775195,1.11941,0.844271,0.770651,-0.721511,-0.0907177,0.416517,0.0453836,-1.05665,-0.399469,1.08351,0.963721,-0.119261,-0.482275,0.892787,-0.514284,-0.38262,0.696824
-2.11529,-1.15167,-1.24595,-0.441688,-0.199622,-0.49647,1.19556,-0.680418,-0.147691,-2.18448,-2.10816,-0.956675,0.128286,0.0714636,-1.83591,-1.38516,-0.419021,0.212362,-1.16861,-0.276316
-1.06647,0.482491,0.0873937,0.555425,2.56806,1.31826,-0.00255689,-0.182227,-0.114166,0.253629,0.0690046,0.126807,-0.835073,-0.728003,-0.207745,-0.479758,1.68639,-0.020852,-0.268124,-1.39246
-0.772361,-1.04948,-1.11568,-0.0444688,-0.265163,-0.924289,-0.868102,0.185609,-0.888148,2.00474,1.90276,1.34165,-0.0388288,0.0812459,0.426792,-1.37589,-1.54919,-0.580027,2.66624,0.0890417
-0.735126,-0.458522,0.128849,-0.261352,-0.964029,-0.733149,-1.16009,-0.862095,-0.060892,-0.111399,-0.129231,-0.594775,-2.00328,-2.30685,-3.66649,-0.737704,-1.22368,-0.68933,-0.462748,-2.88876
-0.365025,-0.675145,-1.18354,-0.169112,0.252812,0.32511,1.16651,1.66317,0.822981,-0.597239,0.789692,1.04846,-0.219127,-0.641059,-1.56604,0.115561,0.563266,1.98472,0.932487,-1.57316
-1.86271,-2.05698,-1.61907,-0.25742,-1.33862,-0.55739,-1.92672,-1.39081,-0.352904,-0.876619,-0.584922,-0.720503,-0.981279,0.877231,-0.544055,-1.02031,-0.703312,-1.3216,-0.127869,-0.295773
-0.971992,-0.328665,0.53509,0.034699,-0.0504263,0.645099,-0.401675,-0.282419,-0.0991483,-1.05956,-1.00489,-0.150483,0.89103,1.22429,0.825717,0.111685,0.440661,0.110134,-1.68911,1.06939
-0.0496716,-0.312451,0.691479,-1.48809,-1.50135,-0.996721,-1.63389,-1.64925,-2.31913,-0.728499,-1.68705,-0.13864,0.191109,-0.956918,-0.833326,0.506914,-1.19293,-2.20418,-1.45693,0.357105
-1.52457,-1.45146,-0.650003,-2.43578,-0.975761,-2.49225,-0.0909074,-0.209318,0.404121,1.44805,1.11953,0.487867,-0.291785,-1.27952,-1.54086,-0.890266,-1.89949,0.131818,1.01974,-1.74947
-1.53442,-1.2224,-0.942784,-1.62143,-1.17853,-0.474583,0.703003,0.739022,1.06932,0.483265,0.172729,0.0455683,0.304253,-1.00356,-0.4003,-1.16827,-0.916346,0.624437,0.392366,-0.44617
2.49552,2.19021,2.55267,-0.0260334,1.47143,1.18981,2.76779,2.01242,1.74832,2.44897,1.17445,1.53252,-0.0113441,0.517477,0.0964672,2.67359,0.721409,1.9905,1.8839,0.905011
1.56375,0.345859,0.842179,0.262304,0.849328,-0.544002,1.03281,0.106886,1.32599,-0.485848,0.482103,-0.60161,-0.472507,0.711323,0.377095,1.38408,0.591108,1.31026,-0.964554,0.712194
1.39099,0.631916,0.0469949,-0.740152,0.952033,-0.768346,2.25689,1.33759,1.71479,-1.52772,-0.0727272,-1.05892,0.235879,0.251033,0.817202,0.965997,0.182458,1.74289,-1.1993,0.206409
2.34624,-0.152503,1.83103,-0.837774,-0.554274,-0.816385,-0.551866,-0.428526,-1.16573,0.196858,0.666925,-0.000356915,0.172224,0.595871,-0.262091,0.7172,-0.199112,-0.181492,-0.0921768,-0.334557
1.2389,1.29707,1.92277,1.15039,0.400196,1.84899,-0.300574,0.761713,0.435622,1.00993,1.36663,1.31678,1.51739,0.371197,0.867084,1.66558,0.805914,-0.353634,0.854798,0.384765
1.17566,0.253476,0.429604,-0.324465,-0.321485,-1.30955,-0.522031,-1.07676,0.476112,-0.602441,-0.914056,0.363288,1.82667,0.384,0.245423,1.56859,-1.53099,-0.217356,-0.927923,0.943737
0.790651,-0.230008,0.373797,0.553461,0.0744018,-0.00345997,0.906518,-0.625045,0.0922786,-0.661393,0.974085,2.85042,0.392918,-0.125443,2.32456,1.07589,0.482125,-0.252753,1.2654,1.14403
0.0722779,-0.135756,-0.721017,-0.985779,-1.02172,-0.838594,0.190468,-0.31913,-1.22549,-1.12467,-0.805506,0.0663998,-1.37174,-1.70269,-1.27403,0.487009,-1.38543,-0.321751,-0.619151,-1.77556
-2.24073,-0.634731,-0.558706,0.394579,-0.193774,-0.0480782,-0.575287,-0.589294,-0.0290189,-0.0149448,-1.27612,-1.588,-0.602337,-0.419783,-0.80345,-1.45855,0.0171984,-0.740599,-1.76267,-0.405129
1.77367,0.178415,0.89683,0.930499,1.62707,0.580373,-0.400336,-0.556678,-0.255061,0.377041,1.98404,1.22347,0.463071,1.21726,1.0502,1.65738,1.40813,-0.0192521,1.60804,1.30487
0.0614166,-0.0149154,-1.14019,-0.0858694,0.865602,-0.0173583,-2.32157,0.103218,-0.505574,0.409987,-0.023914,0.906848,0.187497,0.758628,-0.457321,0.0483118,-0.422818,-0.289675,0.668217,-0.0481753
-0.392652,-0.282567,-0.678727,-0.51724,0.889673,0.241414,-1.1271,-1.258,-1.79468,0.131759,0.320167,0.810058,-0.0352974,-0.494107,0.940167,-0.532886,0.153251,-1.31103,0.557041,0.109553
-0.294137,-0.613321,-1.08379,1.53561,1.23197,3.23566,0.410552,0.131292,-0.404383,0.571308,-0.519888,-0.522216,0.473931,1.14275,0.827751,0.053184,1.40121,0.124861,0.249568,0.479335
0.245017,0.0350605,-0.822908,-1.10187,-2.0992,-0.787429,-1.53684,-1.49679,-2.70838,1.02211,1.57131,2.01687,0.0713587,-0.989455,-0.44735,0.0146511,-1.22328,-1.96293,1.07762,-0.295476
0.704038,-0.266171,-0.884206,0.232603,-0.83837,0.714541,-0.285528,-1.00909,-0.540637,0.379738,-0.445716,0.93598,0.349661,-0.452454,1.38796,0.620129,0.0470757,0.218452,0.31877,0.599154
-1.85247,-1.30066,-1.6273,-0.331996,0.138738,0.0727635,-2.41308,-1.33423,-1.13329,0.119905,-0.798164,-0.282494,-0.327599,-1.26616,-0.883482,-1.68364,-0.153425,-2.61667,-0.0792029,-0.576462
-0.224812,1.41024,-0.441652,1.60485,2.30805,1.82753,1.26035,0.673366,1.8725,0.386231,0.668528,0.576068,-0.488178,-0.293631,0.507502,0.311246,2.42054,0.982485,1.82215,0.159094
-0.129827,0.844505,-0.140506,0.276775,-0.663236,0.270705,-0.899199,0.604804,-1.03876,0.259317,-0.139577,-0.348055,0.641046,-0.0355388,-1.11313,0.56365,-0.447805,-0.306646,0.178057,-0.661843
0.619862,0.615198,0.885564,1.21665,2.93235,0.739262,-0.177322,0.223751,1.01796,1.78773,1.56307,1.17017,-2.09184,-0.299886,-1.30895,1.26528,1.57177,0.663591,1.63926,-0.441651
0.841573,0.863119,1.356,0.060137,0.330811,0.361732,3.46055,2.29255,1.80663,2.22687,2.41489,1.8001,-0.394217,0.46037,-1.51254,1.34889,0.587424,2.99941,2.03421,0.411636
0.408657,0.497372,0.978202,1.07947,-0.0453925,0.8671,0.94761,1.20334,1.5146,1.04619,1.65145,1.78772,-0.497392,-0.554317,-0.472644,0.128933,0.499068,0.950832,0.922326,0.040724
-0.433719,-0.38337,-2.17519,1.44946,-0.850569,0.420058,0.491231,1.01104,1.22335,-1.17672,-0.0792339,-0.718983,-1.34181,-1.45911,-2.20446,-1.0575,0.561267,0.911638,-0.341361,-1.51846
0.175152,-1.43071,0.703932,-0.687335,-0.450327,-0.0569371,0.761987,1.33354,-0.330386,-0.231682,-0.216067,1.54489,-1.54733,0.808232,-1.03829,-0.0351044,-0.0402573,1.04862,0.715594,-0.49299
0.778089,-0.884462,1.94016,0.0121568,-0.394684,-0.944997,0.0512475,-0.0380682,0.22624,0.344811,0.310755,1.06922,-0.937183,0.401793,0.447998,0.593784,0.0393471,-0.212553,0.827122,-0.350702
0.596701,-0.0528346,-0.089778,-1.86085,-0.366797,-0.494297,0.491933,1.01439,1.00191,0.654844,1.08819,1.5094,-0.392401,-0.0611886,-0.760644,0.615671,0.611909,0.516322,0.183106,-0.348442
-1.29979,0.172848,-0.560308,-1.06995,-1.13229,-0.194341,-0.788103,-0.640883,0.269452,-2.06209,-2.9626,-3.02541,0.255021,-0.623705,0.348842,-0.713388,-1.10142,0.466762,-2.82086,-1.99259
-0.163263,-0.441709,-0.311105,-0.35596,-0.809564,-1.51864,-1.7147,-1.72116,-0.47296,-0.388518,-0.470068,-0.229933,-1.81594,-2.89418,-2.69061,-0.182213,-1.56579,-1.64775,-0.71936,-2.12534
-0.943041,0.452987,-0.331757,-1.90157,-0.0368038,-2.32262,-0.308367,-1.31402,-0.47751,-2.12222,-0.57468,-1.06557,-0.203492,-1.0625,-1.6813,0.00513391,-1.94269,-0.603123,-0.816592,-1.19455
-0.930431,-2.15173,-1.82451,-0.0113771,0.370057,-0.175221,-0.715136,-0.814453,0.439243,0.0276167,-0.908668,-1.49097,-0.457082,0.0374342,-0.058689,-1.38561,0.719818,-0.674291,-0.838117,-0.201395
0.400935,0.610458,0.500206,-0.411369,-0.997477,-0.0923549,1.07898,0.173483,0.0248062,0.346332,0.0160481,1.01236,1.09606,0.775945,0.611083,0.62706,-0.244211,0.151793,-0.108075,1.16663
0.397785,0.690451,0.0506284,0.968479,-0.0341488,2.25501,-0.680576,1.06855,0.27914,0.607111,0.864077,1.98759,-0.439512,1.22376,1.59626,0.832511,2.06604,0.946779,1.95351,0.403645
-1.02898,-0.191873,-0.314451,-0.740999,-0.739871,-0.327289,-0.87267,-1.32291,-1.5046,-0.39115,0.0795579,-0.401001,1.28992,2.63138,0.918241,-0.300621,-1.12662,-0.900888,-0.61561,1.20484
-0.70769,-0.0284701,-1.9648,-0.0534232,-0.583302,-0.0869905,-2.14569,-1.13302,-1.39124,-0.0524734,-1.47896,-0.684339,-0.00874671,1.14351,-1.35141,-0.559077,-0.509786,-1.09085,-1.04081,0.0766356
0.417894,2.85583,0.944868,-0.00709678,1.18445,0.12608,-0.0678778,1.2748,1.04872,0.500238,1.24651,0.697559,-0.0858192,0.318997,0.5806,1.40956,0.894662,1.20623,0.926735,-0.109736
-1.27443,-0.839828,0.748894,-0.690113,0.103692,-0.628958,0.35363,0.388017,0.174613,0.274228,-1.08424,-0.644733,0.797467,0.321838,0.508401,-0.430614,-0.332826,0.314123,-0.800981,0.292278
-0.800771,0.0839348,1.43083,-0.16733,-0.153394,-0.0822544,1.55666,0.698747,1.14803,-0.51917,-1.86852,0.380841,-0.664988,-0.217132,-0.666467,0.32233,-0.186964,1.72723,-0.268508,-0.616075
0.546297,-0.139614,0.0938888,-1.58289,-0.611775,-0.169528,0.374703,0.69047,0.616954,-1.05346,0.0841994,1.75556,-0.831447,-0.00591425,-0.0567464,-0.192241,-0.986142,0.18217,0.78897,-0.871609
0.555938,0.909089,1.12756,1.24235,0.518516,1.61956,0.932253,0.370887,1.22171,-0.0826258,0.496313,0.516472,-0.203543,-0.0983453,0.469619,1.65956,0.821139,1.08612,0.327534,0.867776
0.121937,0.985144,-0.0868749,-1.45752,1.18872,1.20835,0.206322,-0.340188,0.300843,0.423553,-0.039403,-0.154609,-0.839335,-0.537185,-1.52387,0.335676,0.873499,-0.112716,-0.270162,-0.699032
1.56834,1.38145,0.400687,0.783858,-0.652823,0.743217,1.0274,-0.209466,0.315493,0.50478,0.0424038,-0.196734,-1.06518,-1.39756,-1.57391,0.38613,0.947148,0.607015,0.207699,-1.71165
-0.353282,0.250693,-0.510257,-0.0955013,-0.335941,0.0247857,0.580168,-1.74915,0.61556,-1.82489,-0.458488,0.0220511,0.779934,0.238432,-0.0730455,-0.00657613,-0.267964,-0.478129,-0.700447,1.08691
1.83251,-0.323747,1.4434,-0.829012,0.365277,1.79888,0.347644,0.102133,0.507684,-0.829559,0.552152,-1.81092,0.971476,1.49908,0.738396,1.17538,1.31479,0.763052,-0.499875,2.15488
-2.4303,-0.522616,-1.41224,-0.175467,1.47681,1.11532,0.819117,-0.678513,1.25858,0.695297,0.301531,-0.231074,-0.144353,-1.02901,-2.16114,-2.10327,1.03611,0.797886,0.275323,-0.643664
0.0752357,0.60297,-0.376017,0.806448,0.0364431,0.963618,1.37131,1.90804,0.0693467,-0.0250321,0.343957,2.17016,-0.349809,-0.0727979,0.0910093,-0.11859,1.14233,1.86998,1.93794,-0.324629
0.930485,0.801331,2.1243,-0.164672,-1.46207,-0.082097,0.414193,0.848013,0.700477,1.01864,1.25531,0.0237985,0.192309,-0.0859264,-0.226125,1.54456,-0.527551,0.912033,0.385835,-0.343543
-1.15492,-1.30692,-1.40206,0.870321,0.237842,0.322888,-1.27271,-0.0313694,0.346654,0.115518,-0.95543,0.211473,-0.0722128,0.370982,-0.762905,-1.96024,0.39894,-0.686464,-0.180019,-0.651921
0.884161,0.0840848,-0.147318,-0.303257,0.481865,-1.07847,-0.112049,0.485886,-0.333403,1.25605,-0.286929,-0.79269,0.897932,0.449347,-0.0457151,0.269084,-0.741281,0.175132,-0.270934,1.19414
0.883348,0.634518,0.896221,0.609908,0.356328,0.0672672,1.61946,-0.587716,0.850468,0.146332,0.102756,0.698366,-0.0472504,-1.61878,0.515493,1.08014,0.485873,0.865737,0.448206,-0.401182
0.459825,0.0956627,0.574786,-0.0839292,-0.497853,1.25774,0.0893994,-1.61431,-0.48677,1.16277,2.27304,1.71701,1.44326,0.670439,-0.93771,0.4114,-0.381132,-0.28028,1.79445,0.433126
1.37611,0.203382,1.97895,-0.537007,-0.383954,-1.23647,0.937867,-0.138749,0.75153,-0.948599,-0.45356,-0.0974683,0.211995,-0.186553,0.477739,1.51852,-0.817161,1.44218,-0.678705,-0.647911
-0.639232,-0.0160924,-0.0464641,0.217214,0.115353,-0.148334,0.619436,0.836814,1.5105,-0.461063,0.173882,-1.71366,0.230235,-0.0770316,-0.349753,-0.210052,0.093334,0.64833,-0.57943,0.103492
0.954255,0.782729,-0.0842891,-1.91953,-2.7067,-1.30411,-0.594093,-0.291662,-0.670763,-1.61397,-0.733062,0.812556,0.775918,2.15296,-0.50387,0.462189,-2.05499,-0.47109,0.935041,0.399778
0.32727,1.21988,1.97561,-0.255609,-0.371602,1.42407,1.58936,0.767462,0.771168,0.341441,0.450335,2.00933,-0.774524,-0.156604,-1.25404,1.5246,-0.508722,0.282383,0.986722,-0.829535
-0.648685,-0.740512,-0.807634,1.44729,0.167452,-0.867732,1.39935,-1.04599,-0.557339,-1.87572,-0.63341,-1.46971,-0.595551,-0.876302,0.237792,-0.00936673,0.151161,-0.455269,-0.274674,-0.061874
-1.99583,-1.41757,-2.1643,-1.60057,-0.773993,0.102617,-0.246193,-1.17411,-1.30129,-1.14991,-2.55247,-1.40464,-0.467971,-0.830426,-0.456087,-1.84448,-1.65053,-1.34171,-1.98556,-0.385891
-2.03242,-1.59074,-1.8058,-0.691963,-1.91525,-0.793894,-2.22491,-0.357334,-0.382421,-1.30307,-0.558366,-0.28906,-0.00209455,-2.15416,-1.00153,-1.88166,-0.940872,-1.83948,-1.09062,-0.726965
1.68153,2.22828,1.16164,-0.990949,-0.842701,0.143283,1.7779,0.679618,0.978669,0.645833,1.55281,1.17841,-1.56051,-1.61793,-1.54234,2.3485,0.312553,1.04098,0.977486,-1.35093
0.22641,1.14882,-1.18834,-0.859779,0.307102,-0.5396,-0.0284642,0.511306,0.506885,0.201698,0.372454,0.989457,-0.433415,-0.954873,-1.2111,1.47455,0.00973882,1.13752,1.29095,-0.999816
1.2868,2.03616,1.65807,0.23993,1.72508,-1.26486,1.07461,1.15667,2.11954,0.971226,0.987504,2.53894,0.518688,0.317088,0.221902,2.46443,0.997871,1.39686,1.55983,0.145473
0.290185,-0.691751,-0.141406,0.0888284,0.119433,-0.0516258,-0.845614,-1.2978,0.392948,-1.71962,-0.944453,-0.677616,-0.416576,-0.0101396,-0.235772,-0.169197,0.696194,-0.781387,-1.10325,-0.223146
-0.486029,-1.6012,-1.85766,-0.86633,-0.962022,1.08553,0.967801,0.0196536,0.435647,-0.580474,0.699236,-0.169361,-0.937748,-0.0460511,0.60778,-1.93937,-0.457481,0.37061,-0.0869315,-0.738563
-0.117965,-0.555374,0.526293,-0.535456,-0.977291,-0.369941,1.15525,-0.143689,1.66233,-0.402483,-1.20243,-0.839991,-1.00819,-2.00873,-0.481125,0.0769161,-0.198907,-0.442465,-1.21388,-1.61777
-0.376345,-0.754298,-0.560297,0.133948,0.45333,-0.390822,0.455096,-0.0457158,-1.05748,-0.948192,0.344135,-0.676297,-0.303168,0.441841,0.630314,-0.517048,0.125387,0.0265488,-0.429206,-0.137244
0.208137,0.397474,0.88623,0.754118,0.372541,0.501125,1.31514,0.379306,1.49583,-0.0278651,1.81824,0.703779,-0.579256,0.212165,-0.587386,0.15978,0.246662,0.972402,0.813522,-0.432256
-0.0181165,0.22679,0.434458,0.583218,0.0300824,-0.638243,0.646754,-0.0113896,0.888384,0.882177,1.43273,2.18978,-1.17593,-0.505785,-0.193193,0.278791,-0.705105,0.795652,1.69787,-0.861079
-0.0776566,0.527871,0.0806344,0.827382,-0.958541,0.951174,-1.41718,-2.45609,-1.1774,-0.949715,1.06134,0.189597,0.690274,0.143562,0.801271,0.613566,0.0700909,-1.16586,0.224419,0.945822
0.429337,-1.37233,-0.781623,0.173511,-0.570359,1.45305,-1.1282,-1.27648,-1.99014,-1.4223,-0.630489,-1.03588,-0.852604,-0.681278,-0.768338,-0.0514358,0.56734,-1.1643,-0.276782,-0.442564
0.613842,0.178895,0.906002,0.346264,0.194481,0.750333,0.794148,0.924864,0.485279,0.0111404,0.590302,0.163926,1.91973,-0.250658,0.861434,0.384412,0.774009,0.933476,0.292654,0.773507
0.29678,-0.383225,-0.0783006,1.53229,2.24892,0.998942,1.57787,2.48924,1.86578,1.10474,2.2767,1.53061,0.752554,2.05133,0.71879,0.0206288,1.76635,2.45314,1.60447,1.92365
-0.33922,-1.06213,-0.639695,0.939875,1.21045,0.910727,1.86326,1.14328,-0.106968,-0.648785,-1.05576,-1.22087,-1.97046,-0.610036,-1.1289,-1.13473,0.722347,1.03602,-0.545262,-1.15124
0.868972,0.347066,-0.314671,-0.69126,-0.872975,-0.0241524,-0.303135,-0.899477,-0.77091,0.134549,-1.4081,-0.33976,-0.128992,0.16316,-1.40228,-0.0535416,-0.177883,-1.34884,-1.13652,-0.396102
0.0517991,-1.29676,0.0646458,0.340735,0.47632,-0.149878,-1.55325,-0.0600237,-0.271794,0.102788,-0.170205,-0.291309,-0.469143,0.295507,0.917927,-0.877112,-0.198131,-0.853021,0.101383,0.468956
0.0175726,1.12659,-0.815613,2.12414,2.17377,1.55894,1.88608,2.21025,2.12552,0.0150145,0.705967,-0.377857,-0.229367,0.0349305,0.768448,-0.0514046,2.09244,2.20154,0.284645,-0.185535
-0.621246,0.0591671,0.0484617,-0.571487,-0.14353,-0.640772,-0.182699,-1.18118,-0.28668,-1.30831,-1.48409,-0.53665,0.770607,0.613726,0.713501,-0.0245017,-0.257151,0.1928,-0.63541,0.836744
0.052343,-0.184187,0.699043,-0.687259,-0.249322,-0.0181001,-1.3737,-0.230289,0.0857005,0.721412,1.50693,0.101842,1.29366,-0.000476563,1.10305,-0.0637234,-0.390325,-0.432359,0.46141,1.39934
-1.75004,-0.991988,-1.10425,0.542162,0.0154602,-1.01074,0.729185,3.23919,0.73047,1.4308,0.205802,-0.110049,-1.67064,0.0582607,-1.94066,-1.38532,0.122744,1.80407,-0.356107,-1.81787
-0.243757,-0.853626,-1.53386,-0.350507,1.48975,-0.0912292,0.102828,1.217,0.177864,0.620368,1.35175,-1.06384,-1.61372,-3.32444,-1.04531,-1.18138,0.533671,0.632306,0.835558,-1.93115
-0.385584,-0.381157,0.284698,-1.31618,-1.28768,-1.12281,-0.0570909,1.35348,0.0331787,-1.61235,-1.3195,-3.44623,-0.191778,-1.20614,0.111279,0.0822426,-1.29295,-0.205436,-1.37122,-0.411004
-0.723677,-1.69005,-0.958363,-0.766428,-0.533922,0.633212,1.61461,0.854987,0.311053,-0.976873,-0.412865,0.197858,-2.00188,-1.03005,-1.96979,-1.55777,-0.207883,0.706858,-0.592248,-1.73212
1.3035,0.932893,0.424454,-0.323644,0.315281,0.10343,-1.79402,-1.21971,-2.19208,0.325676,-0.740005,1.29465,0.827986,0.503543,0.138232,2.17795,0.378305,-1.78745,0.0487502,0.963514
0.27513,-0.738678,-0.592895,0.476576,-0.16967,-0.542122,1.12115,-0.008418,-0.838146,-1.02833,-0.838931,0.16144,0.32356,1.08166,1.08122,-0.685146,-0.16122,-1.0011,-0.946523,0.471893
-0.835433,-0.538131,0.122361,-0.0755122,-1.02169,-2.3274,-0.192936,-0.773172,0.829025,0.139497,-1.15191,0.270376,-0.405599,0.176514,-1.02934,0.12275,-1.62957,-0.429502,-0.469811,-0.146036
0.264734,-0.515118,-0.15241,0.882566,0.93552,-0.117856,-0.546557,-0.329224,0.106362,0.986414,-0.143752,0.65013,1.86664,1.29161,0.944727,-0.394247,0.707338,-0.475747,1.13778,2.0523
0.414705,0.694272,-0.811167,-1.5574,0.501523,-0.201838,-0.735,-0.713659,-0.24835,-0.26898,0.141083,0.379035,-0.44972,-0.603543,-0.376349,0.460217,-0.19328,-0.845767,-0.141659,-0.545143
-0.698175,0.281133,0.828561,-0.42846,1.2196,1.48759,0.559076,-0.51562,1.03077,-0.301949,0.39432,0.798392,-2.21737,-0.28927,-0.270404,-0.041049,0.916863,-0.545348,0.210623,-1.04823
-0.918855,-1.06356,0.456678,-1.87822,-1.12998,-0.41382,0.103363,0.880722,0.457461,-2.26133,-0.501899,-0.975336,-0.417644,-0.448432,-1.92872,-0.353209,-1.40971,0.76538,-1.06656,-0.597571
0.134949,0.868267,0.671152,0.0682597,1.04907,-0.0253157,0.977419,0.351559,-1.67597,0.421913,0.966157,0.968494,0.37434,0.598024,0.252318,0.399736,1.06307,-0.227108,1.7836,0.125121
0.384808,1.65614,0.391234,-0.543449,1.51332,-0.96915,-0.211014,-0.571416,-0.534606,0.416924,0.638922,1.35567,2.41707,0.394607,1.5891,1.54854,0.390388,-0.0864706,0.605758,0.638489
-0.385674,0.148446,1.09764,0.0642424,1.24345,0.386323,-0.293281,0.0295377,0.0422307,-0.833168,-0.600741,0.0216878,-0.239993,0.601572,0.279478,1.05348,0.0743767,0.0465235,-0.571988,0.692224
2.87332,1.90554,1.99895,0.232707,0.867621,0.417543,0.910695,0.20775,0.769302,0.865544,1.58407,0.839242,-0.250882,0.584166,0.820571,2.69258,0.55009,0.951145,1.37702,0.162929
0.727666,0.288653,1.79323,1.73245,-0.162191,0.724587,0.55977,-0.128642,0.107498,-0.00707824,0.04496,0.0117175,-0.250953,0.464818,0.562174,0.738211,0.960985,-0.195139,0.0293731,0.815195
-0.101661,0.939711,0.0611869,0.847349,0.341467,1.45665,-0.624758,-0.716914,-0.316427,0.623118,0.456962,-0.132832,-1.52889,0.251002,-1.35659,-0.43685,1.31954,-0.4549,0.0324776,-0.0460752
0.639408,0.061825,-0.412598,-1.46969,-1.1777,0.0907969,-0.550584,-1.2302,0.740671,0.143946,-0.259643,1.03739,0.587661,-0.0665708,0.396083,0.0620615,-1.2729,-0.873748,-0.593652,0.0709814
-0.354538,-0.896139,0.405772,0.658634,0.332271,-0.0116107,-0.291733,-1.35422,-1.30539,1.70223,0.115276,0.00516936,-0.388983,1.10683,0.845666,0.675957,1.31833,-0.881968,1.49485,1.04627
-1.22119,-0.994246,-0.347469,-0.520482,-1.32119,0.250713,-1.57503,-0.404308,-0.336792,0.650738,-1.42666,-0.331625,-1.40748,-0.512215,-1.76678,-1.48331,-1.10403,-0.917456,-0.858367,-1.25874
-0.56513,-0.331739,-0.355484,0.226991,0.866178,0.526214,0.108638,0.289916,0.0996178,-0.341167,0.705992,-0.112279,-0.42582,0.0793144,-0.539082,-0.949129,0.95614,-0.1418,0.404488,-0.412236
-0.459015,-1.39649,0.274573,0.38918,0.197387,1.51035,1.69456,0.767071,1.01809,0.289021,0.936892,1.08472,-0.547497,0.145287,0.285227,-0.649071,1.01945,1.46882,0.0260703,-0.828635
0.774159,-0.23818,-1.26893,0.666561,0.425974,1.57683,0.482587,2.76844,1.04352,-0.452662,0.958268,1.35159,-1.52491,-2.07113,-2.50188,0.85174,0.770226,2.10785,0.994818,-1.58243
0.39923,0.318533,0.413795,-0.934159,-0.113672,0.230852,-0.687247,-0.453468,0.890759,-0.546968,-0.789331,-0.544615,0.371323,-0.221277,0.276213,0.118082,-1.43627,-0.255285,-0.563753,0.810007
-1.71295,-1.74056,-0.845695,0.917946,-0.285293,0.455571,-1.88906,-0.517916,-0.712872,-1.18141,-0.928233,-1.2429,0.225602,0.356346,0.802932,-1.80303,-0.0943747,-0.908409,-1.26661,0.0458376
0.639499,0.945862,0.0269838,-0.779103,-0.991153,-0.400197,0.865982,-1.2629,-1.7824,-0.126863,-0.301558,-0.0747772,0.297666,-1.7054,-0.00377086,0.946571,-1.08648,-0.854851,0.666738,-0.113164
0.764855,0.158957,-0.344705,-1.23298,0.193096,-0.835089,-0.17456,0.095404,0.549066,-0.562498,-2.49197,-1.45796,0.300092,0.818983,1.08939,0.190466,0.187057,-0.457859,-1.46028,0.496624
-0.709994,0.556708,1.09313,-0.541922,1.41788,-0.447426,-0.232328,0.56891,1.12357,2.00733,1.10485,0.977537,0.601613,1.14424,0.731411,1.42867,0.77934,0.431501,1.85143,0.80975
-0.606054,-0.268685,-0.463055,1.75867,0.127036,-0.17356,0.503995,0.509102,0.986382,1.40764,1.59917,1.40739,-0.00133258,-0.278517,0.532077,0.215671,0.419874,1.40138,2.22014,-0.659887
-0.395285,0.923183,1.59828,1.22548,1.72408,0.0257024,0.674632,0.308707,1.15166,-0.46709,0.972867,-0.516433,1.30434,2.10817,3.14144,1.10609,0.803936,0.689701,0.703386,2.33894
-1.1564,0.190279,-0.222651,0.34693,-0.01053,1.87295,-0.22874,-1.43198,-0.81546,0.939013,0.496284,-0.83177,0.497102,0.150209,0.0170132,-0.719988,0.669924,-0.653144,0.854422,0.548177
0.70267,-1.74368,-0.527081,0.538946,-0.184334,1.65848,0.205879,-0.307413,1.32794,0.724228,-0.808891,-0.385645,-0.245245,0.579198,0.190438,0.120922,1.19284,0.10004,-0.12571,0.492269
-1.34368,0.547227,-0.591285,-2.32017,-1.1732,-1.30236,-1.67067,-0.469713,-2.34408,1.23854,-0.900621,-0.73697,-0.959157,-1.03819,-0.335614,-0.649923,-2.2338,-1.81186,-0.290653,-0.292254
0.0883993,0.0121109,-0.792835,-1.20702,-0.514978,-0.577972,-0.394885,0.931414,0.788007,-0.966423,1.12213,1.75629,-1.16282,0.561519,-1.30606,-0.863082,-0.885685,0.105331,1.04892,-0.636473
0.522605,-0.74217,-0.775417,0.110041,0.269706,-0.23746,0.73252,0.512299,1.35705,1.20733,0.451684,0.693399,-0.631914,-1.39513,-0.02184,-0.0370708,-0.213479,0.86626,0.735992,-0.899622
-0.281332,1.3098,-1.19317,-0.160893,-0.0821605,-1.0026,-0.122537,0.611896,1.22991,-0.649865,0.664934,-0.233159,0.145534,0.789792,-0.771625,0.29467,-0.467177,0.410713,-0.0836777,0.139839
-1.22159,-2.23775,-0.879852,-0.884933,-2.0253,0.113849,0.973671,-0.65846,0.615461,-1.18782,-0.566556,-0.415119,0.0899862,-0.800176,-0.111068,-1.32378,-0.670615,0.0401528,-0.443511,-0.0802192
-0.653036,0.497785,-0.124305,-0.810183,-0.968855,0.0374048,-1.19195,-1.09714,-0.412652,0.129775,0.109946,-1.23181,-0.593297,-0.135818,0.552422,-1.08054,-0.596967,-1.42493,-0.793785,0.0810899
0.0854731,0.111046,-0.522197,1.22794,0.0112358,-0.606293,-0.109006,0.993629,0.787449,-1.18999,-0.165865,0.0255234,0.114815,0.250296,0.461283,-0.0703149,0.0264408,0.397666,0.194176,-0.109181
0.387452,2.29384,1.81378,2.30563,1.94552,1.69505,1.25367,1.00685,0.793855,1.25841,0.267779,-0.447316,0.844266,0.326729,0.676265,2.06748,2.31551,1.95477,1.04842,0.875347
1.20587,0.210847,-0.721474,0.944779,-0.932441,0.52219,-1.96828,-0.629523,-1.49524,-0.989239,0.129078,0.539588,-1.10929,-0.893605,-0.109937,0.0470732,-0.278577,-1.87725,-0.622893,0.230029
-0.576369,0.655291,-1.64596,0.780205,0.569085,0.649966,-0.360218,-0.800781,0.847135,1.2897,0.523963,0.58933,-0.684558,-0.14333,-0.503021,-0.391248,1.59396,-0.389571,0.624107,0.230257
0.130525,-0.877855,0.465531,-0.0516267,-0.123749,1.31599,1.46732,1.27084,1.24793,-0.181254,-0.469976,0.870955,-0.198532,0.138724,0.672354,0.605138,0.532522,1.26466,0.0648754,-0.373989
0.370217,0.761728,0.584109,0.902647,-0.294934,1.98606,0.10222,0.180962,-0.49971,1.66815,0.188349,-0.0125644,-1.43949,-2.1976,-0.882431,-0.466396,0.287364,0.8567,0.909351,-1.34103
0.073283,1.01336,0.00918035,-0.53145,0.333789,0.0238636,0.367269,-0.96426,0.856822,1.14971,-0.199941,-0.460626,0.867349,1.50644,0.40495,0.623793,-0.0985167,-0.751446,0.244688,1.46014
-0.921627,-1.10731,-0.275863,-0.30612,-0.531672,-0.967514,0.0976496,-0.80247,-0.0826824,0.423315,-0.66573,0.232313,-0.523134,-2.66356,-0.742492,-0.871756,-0.87193,0.381939,-0.481278,-2.00064
0.284472,0.675912,0.476518,-0.412393,-0.994922,-0.626972,-0.377101,0.0416127,0.152626,-1.01254,-0.247953,0.383555,1.54454,-0.378452,2.58321,0.528553,-0.635644,-0.30995,-0.419249,1.07017
1.18433,0.104196,0.392254,-0.187152,1.2487,-0.288692,0.880032,1.58035,1.85187,1.56763,1.80637,1.8825,-0.885377,-1.21634,-0.402345,-0.145445,1.06625,1.71869,1.73912,-0.853195
0.129945,-1.93166,-1.49849,0.176189,0.31967,0.782235,-0.44313,-0.250453,-1.31497,1.09878,0.424264,-1.10814,-0.714412,-1.27598,-1.76421,-1.50871,0.0558898,-0.341669,0.101473,-2.10633
-0.654457,-1.76283,-2.38064,-1.09888,-0.944463,-0.380516,-0.323889,-0.472048,-0.536714,-0.595492,-1.62912,0.103219,-0.839395,-1.13268,-0.387726,-2.1015,-0.747025,-0.39704,-0.586972,-0.475352
-0.411835,-0.0874448,-0.890161,-1.64096,0.365063,-0.89098,-1.79138,-1.74422,0.298572,0.179725,-1.36068,-0.525936,1.04722,-0.830117,-0.0777524,-0.0924371,-1.22887,-1.59697,-0.526898,-0.657198
0.622072,0.219055,-0.403192,-0.277476,0.498345,0.184629,0.582664,1.58869,0.820456,-0.852991,-0.0377521,-1.7295,1.11352,0.580045,0.306142,-0.443988,0.829507,1.03856,-1.3147,0.175679
1.05262,-0.320792,-0.512126,0.922499,0.478985,1.06434,0.424079,-0.240136,0.136031,-0.290398,0.439046,0.394173,-0.196154,0.83629,-1.50178,-0.738932,0.986373,0.371764,1.07021,-1.28501
0.994808,0.771545,-0.550652,-0.303798,-1.61591,-0.980719,0.073892,-0.0743261,-1.05406,1.23205,-0.923716,0.609712,1.62578,2.21439,0.871161,0.928766,-0.304998,-1.00705,-0.0532582,1.49755
1.34951,1.046,0.529674,1.56931,1.26206,1.80515,1.84827,0.274539,2.42861,-1.21186,0.443076,0.103382,0.773413,0.804782,2.69438,1.32819,1.81026,2.03037,-0.500705,1.76005
0.0499673,0.906523,1.38778,1.60444,-0.717672,0.266391,-1.66189,0.543268,-0.521203,-1.80602,-1.05166,0.0081707,0.603205,-0.158573,0.941529,1.69473,-0.35952,-0.0215579,-0.24705,0.298858
0.366473,0.87495,-0.591851,1.6055,0.616657,1.26247,0.278554,0.51051,1.52714,-0.116178,-0.0107858,1.0632,-1.11328,-0.141854,1.18722,0.632534,1.20339,0.983736,-0.122643,-0.0231296
1.25672,2.35585,2.93952,1.94121,2.16748,2.10606,0.808302,0.742321,1.18752,0.233476,0.67257,0.14765,0.0124713,0.592396,0.0473485,1.87172,2.1311,1.10938,0.963665,-0.345346
-0.253361,0.779532,0.281562,0.577708,-0.264203,1.53981,0.785746,1.38684,0.210383,0.759702,2.30686,1.54465,0.538225,-0.499906,0.542858,0.256711,0.625525,0.224946,1.0314,0.868404
1.74288,1.09549,1.17589,-0.865887,0.431611,-0.0476626,1.88955,1.68822,2.60656,0.310242,3.54258,0.554181,-0.262622,0.597835,1.22093,1.63219,0.078201,2.81434,1.67414,0.439548
-0.491443,1.16929,0.702183,-1.20504,-0.384653,0.342457,-0.317712,0.094386,1.47702,-0.532018,0.173487,-0.78329,-0.589392,-0.844395,-1.33949,0.20584,-0.588637,0.637983,-0.636279,-0.645765
0.227784,0.672248,2.12529,0.353058,0.0150547,1.82173,-2.93687,-0.520017,-0.777165,1.48733,-0.466256,-0.183404,2.74939,3.04776,4.16742,1.89499,1.31155,-1.657,0.767043,3.50806
1.09725,-0.21553,0.105336,0.0910124,-0.0980439,1.29832,-1.87666,-1.47926,-0.889368,1.87445,0.94064,0.0361561,0.299714,0.186554,-0.555245,0.491059,-0.51571,-0.975414,0.940023,0.655057
-1.34853,-1.03665,-0.82842,-1.06348,-0.495004,0.685022,0.255897,0.163262,0.96492,0.335423,1.88682,0.0623787,0.489174,-0.346465,-0.25181,-0.683216,-0.880932,-0.276089,0.413005,-0.833736
0.0777691,0.615979,-0.555696,0.509244,0.35428,0.500126,-0.360164,-0.178562,-0.870581,-0.137825,0.941908,0.735591,-0.0533811,0.219181,-0.410387,0.807559,1.00474,-0.600768,0.184669,0.0707661
0.856242,0.239195,1.58859,-0.298951,-0.543956,0.516628,0.712536,0.749102,0.685636,1.94811,2.24623,1.89233,0.487472,1.63017,0.963773,0.935898,0.470377,0.57983,1.88201,0.449995
0.251917,-0.141641,-0.713268,-0.518992,-1.11747,-0.848675,0.138526,-0.00968794,0.366299,0.847246,-0.634414,-0.552727,-1.94912,-1.42507,-0.162889,-0.520022,-0.467236,-0.203898,-0.313095,-1.82784
-0.308056,-1.04501,-0.248954,-0.585717,-0.414424,0.0723515,-1.0439,-1.44314,-0.403091,-0.633575,-0.448441,-0.487542,-0.584379,0.116484,0.756674,-0.326864,-0.35219,-2.23242,-1.2942,0.604422
-1.98108,-2.0764,-1.02502,-0.0168082,1.03195,0.631438,-2.08284,-0.79085,-1.99572,-0.220511,-1.30595,0.0281682,1.25838,0.0423623,0.951185,-1.564,-0.227103,-1.36673,-0.882799,0.356695
-0.659066,-0.577629,0.298813,0.948731,0.191798,-0.622101,0.450158,-0.350615,0.0405798,0.194826,0.989989,-0.050087,0.61852,1.36776,-0.561094,-0.424909,0.332559,-0.203959,0.79513,0.0573624
0.933408,1.55796,1.21569,-0.469092,0.295518,0.135577,0.15265,-0.0424779,-0.19138,1.30761,0.0764361,-0.807545,0.293035,0.162625,-0.338764,1.21212,0.233494,-0.853243,0.48147,0.509532
0.488424,-0.392241,0.290729,1.22143,-0.591613,-0.638244,0.719725,-0.366885,0.650878,-0.0592541,-0.20109,-0.392202,-0.739161,0.808816,-0.875765,0.510113,-0.10063,0.856535,-0.332611,-1.312
0.0344637,1.10854,0.607112,-0.520373,-0.0781571,-0.319322,1.03034,1.25951,-0.431446,0.809336,0.632453,0.648873,0.287787,1.28712,0.178682,0.791748,-0.125048,0.252403,0.313691,1.23696
0.449346,0.67125,1.10581,0.19434,1.22886,0.0443297,0.677292,0.621565,-0.628681,-2.08968,-1.14614,-0.36662,-1.21816,-0.945143,1.03113,0.348308,0.719289,-0.281962,-0.867656,-0.855028
-0.0362879,-1.61457,-1.32247,-0.0772918,0.53639,-0.500777,-1.19061,-1.09477,0.58956,0.379156,1.38105,0.51856,0.362018,0.0256007,0.607652,-1.04897,-0.22544,-0.473972,0.851589,0.161389
1.02059,-0.10136,-1.21464,-0.821065,-1.13778,-1.20809,0.358737,-0.372194,0.0668379,0.421314,-0.0453561,-0.504079,-1.15866,-1.66385,0.19161,-0.925264,-0.129681,-0.0997598,-0.667879,-1.07552
-2.06463,-1.24217,-2.13926,0.923527,0.70071,0.376718,-1.09409,-1.26002,-1.19035,0.901925,-0.255208,-0.523356,1.19738,-0.909554,-0.785321,-1.68363,0.407186,-1.01595,-0.480948,-0.300843
-0.638699,0.353482,1.67586,-0.648987,-0.867359,0.91582,0.200137,-0.0798301,-1.49756,0.0105184,0.740362,0.482323,1.03688,-0.260415,0.436659,1.01404,0.0645585,-0.202997,0.698491,0.848952
0.352635,1.50115,0.925446,1.96025,1.10742,0.0996336,0.98941,-0.113542,1.55209,1.57601,1.27197,0.512354,0.0333916,-0.774785,-0.0994269,1.08789,0.941075,0.417175,1.4992,-0.0103054
-1.1966,-1.25603,-1.93678,0.393104,-0.564625,-1.0028,-0.442945,-0.92855,-0.340073,-0.514491,-0.093544,-0.599556,-1.08023,-0.12045,0.248032,-2.23221,-0.486649,-0.456941,-0.628638,0.116449
-0.223032,1.03456,0.485777,-0.08609,0.860193,0.456718,-0.631956,0.150269,0.108805,0.0402916,-1.16586,-0.624538,0.4082,-0.20263,-1.18289,0.702266,0.476791,-0.272708,0.0826743,0.239662
0.216176,0.387937,0.0127957,-0.175158,-0.183719,-0.988589,0.375251,0.739581,-0.269672,-1.32809,-0.777152,-1.67933,1.06295,-0.21708,0.21612,0.211023,-0.322802,0.169141,-1.97799,0.190696
1.10826,1.25382,1.35052,0.310411,0.10139,0.656251,1.04737,1.11474,0.882324,2.12035,0.925074,1.3902,-1.76179,-0.867791,-1.50856,1.35477,-0.145441,1.08155,1.35879,-1.28707
0.425502,0.685526,0.194928,0.340561,0.59004,1.65361,1.83898,0.307288,-0.0197578,-1.08473,-0.671926,0.430908,-0.201538,0.220965,-0.710307,-0.114696,0.228093,0.565582,-0.565706,-0.254937
0.232019,-0.205925,0.12078,0.519075,2.01603,1.46597,1.48891,1.55111,1.46495,1.04656,0.662103,0.453124,-0.33206,-0.727868,0.436761,-0.0227032,1.3814,1.34384,1.01395,-0.048623
-0.188868,-1.06707,-1.37013,-1.25885,-0.882681,-0.758706,-0.307468,-0.911028,-0.713957,-0.778535,0.853048,0.256921,-0.581221,-0.0782928,-1.37459,-0.88789,-1.6114,-0.593007,-0.808533,-0.886782
1.13164,0.858804,0.721078,-0.122004,1.01062,0.438804,-0.62497,-0.923987,1.02374,-0.188441,0.198708,-0.146082,1.20121,-0.150986,0.246239,0.57451,-0.145677,0.74403,0.0352472,0.465561
-0.404415,-1.0511,-0.181261,-0.676756,0.863754,-0.32881,0.629021,0.734332,0.503696,0.34114,0.422974,0.646065,-0.0825406,-1.90476,-1.13317,-0.0201157,-0.18792,1.27073,1.62373,-1.22765
0.989627,0.634929,-0.33186,-0.531287,-0.491085,-1.22467,-0.796759,-2.30892,-1.15216,0.121623,-0.721534,-0.443182,0.175866,2.02623,1.11777,0.433058,-0.269186,-1.8002,-0.571926,0.982222
-0.046274,1.12132,-0.00578236,0.430611,1.27202,0.130548,-0.461507,-0.526106,-1.07151,2.20498,-0.974809,-0.771314,-0.831638,-1.26273,-0.473066,-0.372134,-0.108989,-0.875481,-0.056088,-0.887381
-1.83291,-0.0803961,0.332517,-0.533539,-1.60009,-0.928651,-1.59709,-0.699565,-1.07711,0.77722,0.380144,0.422969,-1.04573,-0.522481,-0.490469,-1.83366,-1.70925,-1.40663,-0.367689,-1.17256
0.103007,-0.129248,0.0345147,0.819109,-1.94232,-1.51277,0.434137,-0.999067,1.53401,-0.195984,0.246782,-0.160664,-1.46181,-0.577691,-1.38277,-0.0290491,-0.606383,0.410425,0.15662,-1.39143
0.281458,-0.0660997,-2.05046,1.84028,1.22415,1.80592,0.997667,0.0683076,-0.241344,-0.399415,0.372598,-0.172099,-0.0475434,-0.524833,-0.00192505,-0.776013,1.68711,-0.567361,-0.456208,-0.47211
-1.92657,-1.73974,-1.65689,-0.983657,-1.34484,-2.25638,-2.18062,-1.925,-0.370673,-1.09314,-1.3069,-2.30954,-0.717706,-1.09328,-1.16961,-2.51625,-1.77936,-1.16589,-1.68962,-0.864536
-0.464103,-0.478207,-0.677447,0.126756,-0.803362,1.14159,2.14096,0.709506,1.48103,-1.86954,-0.832942,-1.59971,-0.914048,-0.326556,-0.200663,-0.467537,-0.420057,1.1451,-1.35286,-0.579368
1.16066,1.74007,0.733745,0.185439,-0.179591,-0.106762,-1.24263,0.72573,-0.2286,0.687285,-1.13707,-0.361113,0.218965,0.675635,-0.468425,1.7418,0.136702,-0.0517882,0.138294,0.323858
-0.534491,-0.896564,-1.60875,0.628587,-1.3386,-1.16708,-0.519377,-0.800559,0.114384,-0.258483,-0.509749,0.138038,-0.219024,0.668899,0.0938936,-1.15969,-1.20378,-0.757447,-0.816907,-0.0653615
1.67683,1.67022,0.876741,-0.320121,0.480307,0.0278892,0.199884,-0.124201,-0.0323262,0.244935,1.27885,0.771883,1.75387,1.13275,1.0207,1.29797,-0.023133,0.36726,0.386552,1.69443
-0.95364,-0.702285,0.968113,-0.179288,-1.04259,-0.920082,0.538189,0.0700385,-0.16119,0.843496,0.99383,0.32304,0.515899,-0.394671,-0.500067,-0.0231934,-0.823582,0.0401294,0.617365,-0.00695018
-0.919611,-0.948051,0.196957,-1.84908,-1.59123,0.125485,-0.154313,-0.102001,-1.48765,-1.02062,-1.48449,-1.25602,-2.27577,-3.34104,-2.24259,-0.713805,-2.22973,-0.618979,-2.0826,-2.71062
1.00144,-1.11868,-0.74453,0.927275,0.386206,-0.259716,0.95585,0.585885,-0.702908,1.49815,0.0728945,1.12489,-1.04561,-0.342095,-0.802572,-0.126827,0.427681,0.365453,0.665893,-0.810291
-0.347699,1.17392,0.477717,0.0956336,-0.398766,0.871518,1.64744,0.0263206,0.456329,-0.33543,-0.149037,0.219283,0.920623,0.824798,-0.197367,0.534261,0.369797,-0.451839,0.257739,1.35236
-0.859454,-2.09056,-1.80027,-1.10031,-1.14174,-0.797799,-0.0846247,-1.46924,-0.558293,-1.04065,-1.79626,-2.06169,-1.90819,-2.25476,-1.325,-1.84414,-0.983274,-0.287083,-2.06603,-1.85381
-1.27702,-0.52294,-0.343636,-0.452607,0.18491,0.15662,-0.580297,0.125084,-0.0974847,0.679009,-0.83585,-1.66198,-0.641936,-1.61859,-1.35184,-1.5061,0.245191,-0.62395,-0.724221,-0.958761
0.79012,1.15816,0.566488,-0.30591,0.258945,-0.22299,-0.0654028,-0.899396,0.305249,0.464076,-0.0087773,-1.00894,-0.634805,-0.622867,0.202039,0.89048,0.347259,-0.726925,0.00286554,-0.0631194
1.99495,2.25976,2.28641,-0.635167,0.474021,-1.23775,0.175079,0.269384,1.3061,1.26156,1.23094,1.06009,1.19829,0.210187,0.614956,1.74867,-0.542808,0.981106,1.15964,0.738657
1.29503,1.06528,-1.02489,-1.36886,-0.741753,-0.62238,-1.15644,-0.490236,-0.915557,-1.23505,-1.43259,-1.66391,-0.422932,-0.605847,-0.138401,0.36784,-0.539506,-0.593602,-1.49331,-0.00730497
0.258783,-0.457358,-1.31549,1.14193,1.17517,1.69257,0.682742,0.403098,-0.443273,-0.432758,1.48471,0.61661,2.05638,0.235985,1.2404,-0.0340207,2.41104,0.110251,1.29545,0.941941
-0.329769,-0.81539,-0.217463,-0.0412613,1.27624,0.00700263,-0.251847,1.12017,0.472894,0.861747,1.52143,1.26182,0.480253,0.263591,0.941089,-0.287842,0.909893,0.896922,0.958211,0.811811
1.32938,1.81959,1.23483,-1.53561,0.307734,-0.0272958,-0.636819,0.153918,-0.0325523,-0.596152,-1.64168,0.135775,0.126793,0.506011,-0.286652,0.503734,-1.60412,-0.293695,-0.573422,0.242532
0.745013,1.38818,1.74358,-0.137906,-0.0465245,1.01601,0.447164,1.24779,0.0720825,0.292554,-0.530681,-1.08663,-0.156894,1.96016,1.0547,1.62052,0.256562,0.604004,-0.102715,1.98764
0.0212278,-1.18524,0.282585,-0.873761,-0.985773,-1.62605,0.0745438,1.08144,0.187771,1.02052,1.1034,-0.184431,-0.989462,-0.3234,-0.215205,0.0511941,-1.28995,0.325088,0.110181,-0.766216
1.68824,1.55618,1.06091,-0.213067,-0.353903,-1.23167,-0.806533,-2.08885,-1.20292,0.489791,0.651607,-0.0614029,1.46374,1.27672,0.725542,1.89876,-0.997134,-2.20543,0.134554,1.58192
-0.316,0.803076,-0.957248,-2.00415,-0.891732,-2.67749,-0.943276,-1.90353,-0.949014,-0.190003,0.608463,1.46968,-0.223618,-1.19433,0.595189,0.118334,-2.4896,-1.58103,0.759767,-1.08869
-0.275717,-0.279646,0.313638,-0.67346,0.991605,-0.449634,-0.536008,-1.04533,-1.1892,1.09138,-0.828611,0.248604,2.01951,0.292159,-1.50588,-0.659564,-0.667677,-0.992278,-0.812827,0.179982
0.365453,0.333197,1.60202,0.324914,-0.0728809,1.04243,-0.927173,-0.304573,-0.279464,-0.540775,-0.0308295,-1.15488,1.30637,1.83544,1.78119,0.567287,1.23742,-1.01051,-0.455888,1.78597
-0.479822,-0.674666,0.687126,-0.101899,0.825284,0.710761,-0.741571,1.04157,1.02821,-0.768075,-2.49079,-1.54653,-1.29058,-0.594014,-0.575775,-0.35513,-0.725898,0.00139162,-1.79247,-0.709443
-1.31571,0.5099,-0.465298,0.227324,0.510131,-0.792222,0.847919,0.636998,-1.09685,-0.692743,-0.13674,-0.771467,-0.734442,-0.018376,0.812307,0.180161,0.648272,0.008382,-0.0207911,0.869798
0.516534,0.482359,0.60911,0.853221,0.0677228,0.648049,-0.0306235,-1.19919,0.546059,1.11155,1.20368,0.124896,-0.463856,0.107998,-0.607839,0.843222,0.555998,0.0446628,0.561998,-0.720408
-0.0214818,-0.262292,0.0252543,-1.24982,-0.865502,-1.63546,-1.07469,0.932627,0.0599042,-0.572003,0.9319,-0.227763,1.19505,1.85999,-0.170779,-0.0663058,-1.74683,0.863766,-0.447049,0.947773
-0.689552,-0.528618,-0.258368,-0.82662,-0.415903,-1.02987,-0.806896,-0.0230026,-1.16294,0.372369,-1.49112,-1.12864,-0.39518,-0.423041,-0.00342181,0.175129,-0.741887,-0.118831,0.220768,-0.720724
-0.464286,1.29119,0.361711,-0.0480822,0.45434,-0.0227431,0.21772,0.57032,0.362127,0.517113,0.269138,0.500734,-0.497297,-0.319981,-0.523078,-0.0129815,-0.0576754,-0.170611,1.03078,-0.349235
-0.353729,-0.380828,0.208449,-1.00471,-0.775359,0.106609,-0.957113,0.0424778,-0.865448,-1.1408,-0.962266,-1.15722,0.937765,-0.0233329,0.705928,0.193645,-1.0407,-0.45594,-1.28643,1.63709
2.38316,1.99382,1.75649,1.06725,0.632007,-0.0835116,1.61155,1.72663,0.946328,1.71177,0.591417,0.402318,0.619832,-0.557551,-0.225411,1.67158,0.977972,0.891739,0.903044,-0.495107
0.560277,-0.743332,-0.516809,-2.1618,-1.7969,-1.80528,-0.708611,-0.400028,-0.286058,-1.70449,-1.05959,0.182002,-0.353886,-0.829634,-1.19231,-0.455497,-1.66341,-1.05437,-0.78191,-0.0545194
-0.912022,-0.264064,0.088994,0.381477,1.62259,0.375971,-1.08228,-1.41826,-0.550114,-0.774827,-0.145994,-0.382824,1.73695,0.866185,0.805295,0.0990756,0.178996,-0.788638,-0.289128,0.685929
-0.725623,-0.0815397,0.00733024,0.30549,-0.466523,0.270238,0.923958,0.0341381,-0.201441,-0.185551,0.158121,-1.27919,0.260458,0.0196521,1.1915,0.378205,-0.145907,-0.314833,0.114565,0.406407
-0.0515677,-0.950553,-0.392983,-0.363362,-0.0564556,-1.4756,-0.253749,-0.8225,0.533304,-0.886377,-2.11005,-1.58847,0.942134,2.37583,2.40974,-0.159982,-0.427514,-1.12656,-1.47652,1.23403
-0.800129,0.373725,0.693395,-0.183932,-0.574434,-0.422722,0.382595,-1.33348,0.0555925,0.341889,0.851905,-0.531909,-0.244994,-0.602804,2.02333,-0.281916,-1.17805,-0.926308,0.781934,-0.0948318
1.0007,-0.664617,0.865107,0.484087,0.411907,-0.430825,-0.624244,-1.87531,0.145212,2.35757,1.72718,1.37864,0.45456,-0.638903,-0.142966,0.811709,-0.0192727,-0.212535,1.60163,-0.327212
0.400532,0.0628181,0.370895,-0.988662,-1.90454,-1.23956,-0.913721,-0.806228,-1.14973,0.111173,-0.923285,-0.770505,0.70219,0.657761,1.45917,0.599371,-1.54354,-0.970973,-0.698775,0.533296
0.042245,-0.711296,0.0240573,1.73953,2.33535,0.14655,1.27868,1.44741,1.3226,-0.408109,-0.0368265,0.432787,-0.751309,-0.168264,-1.08916,0.292381,1.5753,1.19174,0.285607,-1.04848
-0.0924595,-0.370627,0.213162,0.808248,0.996667,0.236453,1.29234,1.0656,0.355717,-0.301831,-0.973031,0.0537617,-1.58775,-0.722426,0.309468,0.186056,1.77609,1.18389,-0.477733,-0.8367
0.711496,0.257347,0.46696,-0.296763,-0.0916211,-0.211346,0.338718,-0.612776,-1.19722,-0.896876,-1.00554,-0.472758,-0.748665,0.523558,-0.636847,0.667361,0.492663,-0.932949,-0.460272,-0.551183
1.28551,0.913383,-1.22832,0.508277,0.619643,-0.189034,1.8442,0.930483,0.294979,0.848312,1.7652,1.09938,0.648455,-0.356186,-0.727084,0.274492,0.876146,0.811411,1.41828,0.0360443
-0.995465,-0.1255,-0.164075,2.20591,2.87373,1.51504,0.168727,1.2407,1.26204,1.14542,-0.459564,1.14464,0.933062,1.69078,0.598531,-0.00948599,2.49117,1.39369,-0.496765,0.734914
1.28407,0.4536,0.60017,0.182227,1.82971,-0.226052,-0.288871,-0.254065,0.57083,-0.526085,-0.179827,-0.369095,2.16214,0.781245,1.89125,0.626875,1.29828,0.522769,0.119924,1.74433
-0.880328,-0.24694,-1.81602,1.01135,1.08299,1.24995,-1.32054,-1.49101,-0.111932,0.442637,0.022591,0.48814,-0.274355,0.205983,0.166052,-1.38989,0.150749,-0.770563,-0.186557,1.02064
-0.624607,0.13414,0.240661,0.950387,0.658225,0.762759,-0.568924,0.113436,0.0826608,1.40859,0.049964,2.04274,-0.354029,-0.476533,-1.52054,-0.322336,1.89741,0.726756,1.53628,-0.653685
-1.39882,-0.914013,0.859165,-0.640585,0.267341,0.306531,-1.27786,-0.16426,-0.769288,-0.717076,0.143756,0.440699,-0.0581557,-0.335519,0.335661,-1.06193,-0.933979,-0.959136,-0.927616,-0.716666
-1.23251,-1.4259,-1.05856,0.481339,-0.581881,-1.10532,1.14673,0.699714,2.1813,0.498424,1.35033,-0.22424,-0.806396,-1.69848,-1.91289,-1.27244,0.137577,1.40113,0.861806,-1.27294
-0.626899,-0.949017,0.145028,-0.328888,0.628567,0.227954,0.107685,-0.477934,-0.175328,-0.00673665,-1.00538,-1.19273,-0.432312,0.365319,-0.774234,-0.522019,0.893252,0.0964868,-0.722627,0.223089
0.341708,-0.602069,-0.621571,1.34955,0.282477,-0.655886,0.637388,0.385403,0.386094,-1.00188,-0.272078,0.154782,-0.906456,-1.80557,-1.48003,0.783195,-0.283096,0.429258,0.37246,-1.70317
0.834444,-0.615554,0.371243,0.264064,-2.19762,-0.175365,0.0836055,1.09036,0.438534,-0.663474,0.475534,0.307227,-0.550224,-0.532611,0.663204,0.169427,-1.21155,0.358912,-0.228299,-0.407925
0.498298,-0.405345,-0.481081,1.06286,-0.753495,0.517639,-0.00624155,-0.0086116,0.527004,-0.406782,-0.948012,-1.23528,-0.726949,-0.642123,-0.311048,-0.407021,0.0747226,0.500675,-0.544595,-0.837223
1.02658,0.516925,1.21436,-0.354638,0.185483,-0.7881,0.394444,-0.689656,0.714815,0.099193,1.26539,1.52704,-1.53951,-1.16899,-1.41171,0.903707,-0.255906,0.575237,2.05581,-1.21063
-1.00927,-0.640585,-0.772239,-0.169124,-1.44135,0.258482,-0.695001,-1.88791,-1.51812,0.205309,-0.907214,-0.450032,-0.873579,-0.564148,-1.38644,-1.28659,-0.759349,-1.66708,-1.58096,-1.37113
-0.439863,-1.40519,0.518974,0.763467,0.41879,1.41452,-1.15458,-0.850567,0.511653,0.698355,0.743331,1.62937,-0.0207603,0.940016,-1.40157,-0.71027,0.574756,-0.118809,0.655537,-0.809866
-0.618539,0.570885,-1.62483,-1.12532,-1.28792,-0.718459,0.734242,1.01488,0.925908,-1.71061,-0.996354,-1.49797,0.162872,-1.42958,-0.15167,-0.657014,-1.51699,0.391671,-1.43375,-0.307078
-0.511315,0.0897631,1.44151,-1.84659,-1.08892,-1.50701,0.592237,-0.924163,0.3244,0.0885787,-0.119745,-1.71279,-2.43018,-0.895545,-1.98169,-0.881895,-1.55117,0.191299,-0.182953,-2.5704
-2.11628,0.266455,-1.005,1.18998,-1.74344,0.0501156,0.879429,-0.149947,0.443184,0.080442,-0.0262396,-0.421613,1.0321,0.342315,-0.60972,-0.327659,-0.164158,0.807257,-0.143775,0.200033
-2.23847,-2.3197,-1.14036,-0.00015014,0.0273031,-0.100798,0.0627679,-0.0816207,-0.00270377,-0.431758,0.903312,-0.815587,-2.73506,-0.755122,-1.2442,-2.25223,-0.576251,0.576721,-0.751931,-2.1519
-0.0169621,0.462581,0.251971,-0.421193,0.695672,0.0484184,0.149767,-0.0587283,0.914078,2.12844,0.0204846,0.439985,0.183556,-0.146505,-0.635474,0.329595,0.0722736,-0.0551469,1.52578,-0.545512
-0.623589,-0.40939,0.567531,0.867355,1.73187,1.18412,0.174653,1.62353,0.108392,1.11471,-0.0990439,0.659201,0.671793,0.92688,0.306572,0.147342,1.19483,0.339009,0.549095,0.641329
1.13949,0.722109,0.677129,0.0331551,-0.112341,0.00787076,1.36806,1.94495,0.866105,0.682592,-0.326958,0.442928,2.46513,3.08977,-0.535848,0.742088,0.545842,1.75814,0.638552,1.90685
-0.0709899,-0.0691432,-0.176214,0.175694,-1.06104,-0.667762,-1.00614,-1.19698,-0.176786,-1.06322,-1.15593,0.585786,0.316087,-0.357155,1.01212,-0.597267,-0.391182,0.22835,-1.23859,0.209975
0.377912,-0.427018,0.309335,0.876738,-0.713273,1.0152,-0.346413,-0.637712,-1.09978,0.529554,-0.49701,0.593051,-0.728122,0.479964,-0.0885409,0.540758,-0.111523,-0.341249,0.415108,-0.133342
-0.366707,-0.344744,-0.770672,-0.653505,0.351269,-0.271515,1.29426,0.435289,-0.0265227,0.628307,-1.1078,0.395981,-0.451707,-0.717,0.165934,-0.903193,0.12325,0.496448,-0.458759,-0.474527
-0.81123,0.461579,0.741645,0.476629,0.820327,-0.897013,0.309572,0.354529,-0.616328,1.37118,-0.677988,0.682756,-0.293471,0.77266,0.237577,-0.0432749,-0.474873,-0.0776626,0.478365,-0.0688456
0.799317,-0.894087,-0.22717,0.977821,1.44391,0.493037,0.758862,-0.268619,0.505106,0.39438,0.151021,1.83174,2.54136,1.51999,1.13132,0.107272,0.695575,-0.729247,-0.103738,2.15537
0.215054,1.08113,0.662908,-1.45777,-0.774602,-0.674748,0.186589,-0.329498,0.0814578,0.209835,-1.2522,-0.280463,-1.56537,-1.16679,-0.351616,0.448205,-0.37857,-0.347577,-0.354763,-0.883723
-0.434166,0.0297781,-1.88166,-0.748061,-0.490758,-1.13561,0.27736,0.811087,0.236679,-0.738643,-0.0445903,0.488098,-0.847844,-1.40316,-1.54333,-0.66546,-1.26503,-0.00605645,-0.575539,-0.690467
0.715788,0.364823,-0.266685,-1.11607,-0.74931,-2.35633,-0.301329,-0.0195291,-0.616646,0.757991,-0.576512,0.803406,-0.409319,-1.18885,-0.436178,-0.306391,-1.87537,-0.442729,1.12793,-1.54703
0.00977685,0.496979,-0.136478,1.78078,0.995342,1.75179,0.981262,0.654375,1.26648,-0.649012,-0.570122,-0.415373,-1.0998,-1.52867,-1.23592,0.143532,1.21246,1.49556,-0.188995,-1.38106
-1.07483,0.765306,-0.488877,-0.0340264,-1.21452,-1.07908,-0.411771,1.19535,0.599509,0.736067,-0.305254,0.18809,0.500753,0.178384,-0.622373,-0.275534,-0.828659,0.481935,0.617303,0.953514
1.40514,0.356218,1.85833,0.488027,0.977949,-0.480838,0.62501,0.18854,0.0632196,1.4682,-0.529272,0.89272,-1.24652,-0.919848,-1.18268,0.988178,0.637581,0.358393,0.458869,-0.791024
-0.311791,-0.777539,-1.25451,0.975185,0.788578,0.765987,-0.850126,-1.18647,0.127513,-0.522963,-1.35832,0.395786,1.30702,1.85574,0.209383,0.0287209,0.270911,-0.697893,-0.916637,0.97363
-0.383953,-0.256893,0.8658,-0.913024,-1.1152,-0.720682,-0.176977,-0.348175,0.147193,0.336116,0.336011,-0.893379,0.618592,-0.107443,0.187308,0.2163,-1.65978,-0.640962,0.0391927,1.05898
0.844302,1.1062,0.599663,-1.3835,-2.53298,-2.04896,-1.53348,-0.719534,-0.910472,-0.990101,-1.41914,-0.340869,0.0304402,-0.594577,-0.474779,0.460682,-2.54361,-1.12226,-1.06766,-0.536573
-0.663342,-0.549929,-1.60408,-0.534081,-0.0109455,-1.291,0.417685,-0.543664,-0.522524,0.889529,1.10434,0.220093,-1.72944,-0.269052,-1.30646,-1.21856,0.162698,0.128191,0.781603,-1.02412
-0.332206,0.0580682,-0.229418,-0.378445,-0.828277,-1.71292,0.365122,-0.823545,0.60958,1.61013,0.928767,0.498231,-0.0971484,0.0119839,0.515977,-0.338232,-1.02791,-0.25381,0.390914,-1.04054
0.403976,0.440505,1.47066,0.139593,0.510973,0.760814,0.403254,0.637165,1.17498,-1.09675,-1.19278,-0.529713,-0.736452,-0.815897,-0.0688445,0.861042,0.416727,0.130767,-1.12623,-0.650578
-0.0268948,-0.574036,-1.46692,-0.128975,-0.32427,-0.929115,0.364874,1.43643,1.10959,0.323868,1.36262,1.98518,-1.37329,-0.176405,-1.83519,-0.359321,-0.951129,0.898734,0.883499,-0.649152
0.353764,0.214477,-0.193564,-0.316571,-0.985859,-0.593737,-0.681256,-0.184253,-0.357941,-2.07164,-2.87489,-0.486356,0.391613,-0.492098,-0.608766,0.183986,-0.476857,-1.08961,-1.32684,-0.736448
0.427928,1.21251,-0.0317952,1.20817,-0.0775691,1.79177,-0.733723,-1.08392,0.0896055,1.06059,0.240967,0.45149,0.373557,0.083903,-0.497326,0.846675,1.00734,-0.887362,1.16041,-0.51031
0.0925174,-0.0114251,0.70763,-1.53598,-1.66725,-1.28829,-0.0497804,1.67084,0.329455,1.64437,0.189098,1.48984,0.369203,1.10666,0.47207,0.424113,-1.8251,0.0473074,1.10735,1.19471
-0.681159,-0.178431,-0.634223,-0.630769,-0.397062,-1.05403,-0.139743,0.254239,-0.803832,1.61068,1.03381,0.0531625,-2.12487,-1.59198,-2.26961,0.112507,-0.860076,0.553277,1.40261,-3.0084
-0.231069,-0.625127,0.205905,-1.00649,-0.715654,-0.55983,0.33102,-1.50114,0.486652,-2.03653,-0.674854,-0.213942,-0.88874,-0.843435,-1.03946,-0.304423,-0.937729,-0.855552,-0.38616,-1.28755
0.295774,-0.66484,0.172245,1.03263,0.0991586,-0.485345,-0.349771,-0.06654,-0.755333,-0.341528,1.35579,0.975857,-0.61145,-0.254649,-0.587194,0.0244333,-0.622993,-0.140167,0.771174,-0.439465
1.53848,0.175601,0.157922,0.132111,-0.0202162,-0.244366,-0.908021,-0.65895,0.842662,0.241517,0.117432,1.83573,1.48013,-0.248007,1.8152,0.863915,-0.409256,-0.769754,0.739518,1.09763
-0.293756,-0.278023,1.05617,-0.635465,-0.982297,-0.558487,0.0526469,-0.255566,-0.632714,2.03253,0.638853,0.371615,-0.189096,-0.210523,0.0297936,0.591318,-0.500073,-0.369836,1.34536,0.296622
0.660592,-0.260651,0.472334,0.291353,-1.26474,-0.0856225,-0.420144,-0.187316,-0.181625,-0.458946,-0.481435,-0.550495,0.602032,-0.784394,1.25331,0.831793,-0.260457,-0.0793566,0.352419,-0.0737989
0.429922,-0.256415,0.962612,1.61172,1.81741,0.987009,0.893264,0.654642,0.19669,-1.00452,-0.491919,-1.88097,1.19109,-1.01939,2.1331,0.226399,1.30516,0.122489,-1.60558,0.33838
1.01976,0.707998,0.553589,1.13288,0.35173,0.986606,1.00798,1.93635,1.82145,0.414257,-0.235775,-0.27488,0.40362,-0.0376664,1.45667,1.201,0.74774,1.68301,0.375117,-0.62966
0.546678,-0.0902364,0.546,-2.00842,-1.74973,-0.827724,0.492026,0.279225,0.163401,1.14937,0.206638,-0.475785,0.249941,0.611698,0.735315,-0.0525078,-1.40209,0.224076,0.520461,0.498479
-1.65873,-1.40947,-0.239681,1.56671,-0.158012,0.255983,0.0444712,0.283466,0.567286,0.0906672,0.588973,0.827762,2.00199,-0.123937,0.881309,-0.749914,0.732995,-0.111521,0.512942,0.553865
0.393923,0.322373,-0.473758,0.974546,0.371223,1.40826,-0.164226,0.752311,-0.0406898,-0.459947,-0.108129,-0.176532,1.60256,1.77204,2.58778,0.283108,0.961012,-0.93584,-0.142687,1.84015
-0.147363,-0.460488,0.569216,0.0883771,-0.593278,0.842409,1.18333,1.04582,0.56859,-2.43709,-1.61037,-0.862336,0.312692,0.789617,0.426766,-0.114792,0.51151,1.19911,-1.95364,1.14869
-0.225523,-0.0684461,1.03643,1.45135,2.22454,1.83012,-0.199129,-1.1023,-0.696598,0.760507,0.286306,1.01242,0.949824,-0.674368,0.97583,0.0109572,1.43955,0.126477,0.207652,0.168531
1.17973,0.55492,0.764233,0.35972,0.747515,0.645398,-0.290487,0.539333,0.148342,0.0843197,1.57889,0.251368,0.0912528,-0.819473,0.116999,1.34943,0.83932,0.0766471,1.28115,0.737302
-0.329327,-0.303402,-1.505,-0.555783,-0.135635,-0.629695,-0.0480515,0.974366,1.85343,0.901687,1.06471,0.0733565,-1.59215,0.480962,-0.0706118,0.0944326,0.0250122,0.63479,0.237266,0.00110677
0.673759,0.561791,0.257935,0.819368,0.171286,0.771625,-1.05059,-0.875189,-1.35389,0.366843,0.456739,1.22653,-0.0786476,-1.0991,-0.0868282,0.66099,1.07917,-0.481624,0.602343,-1.08433
-0.296255,-0.784804,0.175575,-0.853834,0.783313,-1.15428,-0.894929,0.477651,-0.878916,0.415055,0.254047,-0.208802,0.808286,1.81924,-0.537382,-0.364127,-1.10111,0.0421142,-0.240572,1.22107
0.66551,-0.270873,0.145063,0.222727,-0.387782,-0.132742,0.0604633,-0.315531,0.762962,0.695266,-0.387386,0.259372,1.75077,1.58442,1.32551,0.788395,-0.652264,0.149145,-0.030358,1.20365
-0.5016,-0.66387,-0.897224,-0.91686,0.893885,-1.51706,-0.666388,-0.948557,-1.08836,1.35537,0.0880774,-0.0807826,1.11693,-0.293229,2.38732,-0.508821,-0.530334,-1.80783,0.396536,0.266527
-0.470587,0.649279,1.2773,0.629593,0.690284,0.0979526,0.340002,-0.482589,-0.964235,-0.454176,-0.869659,-0.0150856,2.20169,1.93175,2.32021,0.867204,-0.0328249,-1.06769,-0.673701,2.2581
-0.243022,0.463213,-0.522127,0.109837,0.415987,-0.137705,0.400749,0.271124,1.1798,0.606185,0.7402,-0.133343,-1.32484,-0.994667,-0.9589,0.872047,0.233955,0.677135,0.0816169,-1.14303
-0.301852,0.266926,-0.89717,0.214098,-1.0279,0.538274,-0.858464,-1.51048,-2.06109,1.77522,0.813357,1.23739,-2.19282,-1.90153,-1.03968,-0.672886,-0.185644,-1.52555,0.944741,-2.42609
-0.257679,-0.80637,1.04739,-0.160775,0.47605,-0.855854,1.35985,0.71979,0.904423,-0.0482212,-0.647302,-0.0195154,0.0944377,-0.376037,-0.21803,0.033698,0.308286,0.784726,-0.404232,-0.284551
1.1157,1.14387,1.12853,1.09953,0.499444,1.44455,0.0424692,0.489761,0.521632,-0.0748601,-1.07421,0.146835,0.778298,1.89341,0.795629,1.09861,1.26663,0.0745445,-0.524903,1.44061
0.0666621,-1.27774,-0.081683,-0.537381,-0.958574,0.656874,-0.731735,-0.603341,0.66867,0.635293,-0.758974,0.71318,0.405485,-0.198277,-0.390753,-0.674985,-0.138585,-0.292324,0.124937,0.383155
-0.550636,0.51291,0.100018,0.532984,1.36899,0.633906,-2.06607,-1.09955,-1.60552,-1.1155,-0.697032,0.0228934,0.769323,0.279199,-0.478803,-0.538538,1.35686,-1.44956,-1.00564,-0.454225
-2.0597,-1.19897,-2.92868,0.876374,0.52989,0.395377,0.771229,-0.65639,-0.316659,-0.905639,-1.69199,-1.34605,-1.07308,0.162267,0.142403,-2.01796,1.16212,0.0749494,-0.497623,-0.728533
0.260172,-1.36601,-0.0575113,-1.33114,-0.212176,-0.708081,-0.100013,0.65568,0.294197,-1.10041,-1.53542,-0.56758,0.654426,-0.385236,-1.29907,-0.334787,-0.623797,-0.0209568,-1.27614,-1.06066
0.0617101,-0.317617,0.31746,0.682988,0.419517,1.29875,0.0180319,-1.28231,-1.01467,0.312313,0.174791,-0.992767,0.889342,-0.0334434,0.563734,-0.103188,1.68959,-1.17567,0.455942,0.337444
-0.331178,-0.03028,-0.136355,-1.41173,-0.137569,-0.467815,-0.0247168,1.26341,-0.115797,-0.323162,0.360229,-0.022396,-1.86586,-0.058231,0.397376,-0.178442,-0.171382,0.0606876,0.655385,-0.11366
-1.9217,-1.22005,-1.72834,-0.00510824,0.108481,-0.882154,0.80854,-0.249932,0.252647,0.610415,0.101814,0.38831,-0.375296,-0.286758,-1.35517,-1.78231,-1.22496,-0.214543,-0.700739,-1.40344
-1.54571,-3.50573,-2.5153,0.00640295,-1.97352,-0.883146,-1.0494,-0.416708,-0.369631,0.85172,-0.387236,-0.110282,-1.43137,-1.69189,-0.967465,-2.06851,-1.78921,-1.10938,0.365759,-1.08787
-1.70741,-1.57793,-1.50086,-0.523252,-1.29052,0.50297,0.102483,-0.452533,-0.505471,-1.08069,-1.28473,0.265392,-0.448687,-0.746168,0.498556,-2.00793,-0.0511995,-0.656758,-1.08242,-0.254512
-0.659998,0.565613,-0.215122,0.148059,0.31812,0.0231925,0.816397,0.571945,0.997699,-0.114488,-0.666169,0.354375,-0.0351395,-0.623075,0.809692,0.554605,-0.141792,1.37806,-0.107394,0.422315
-1.47361,-1.02193,-1.15938,0.85285,0.359674,-0.00575229,-0.431837,0.657148,0.336529,-0.129013,-1.35215,-0.298951,1.09238,0.830511,-1.17067,-0.608276,0.953829,-0.317185,-0.532556,0.477766
0.120882,0.546378,1.49951,0.768829,2.64837,0.923845,-1.12309,0.806982,0.153179,0.137885,0.561046,0.360741,1.48051,0.399367,2.12046,1.3035,1.81131,0.458557,0.9745,0.841888
-1.60358,-1.33457,-1.24732,-1.20818,-0.0968203,-0.216958,-0.190854,-0.977242,-0.481406,0.0568989,-1.42423,-1.397,-1.46821,-1.03683,-0.0892496,-1.04996,-0.153204,-0.994376,-1.86232,-0.797075
-0.339784,-0.116178,0.479792,-0.877815,0.687927,1.12491,-1.03642,-0.48766,-0.509444,-0.501975,-0.149986,-0.271525,0.286152,-1.28037,-0.112194,-0.883965,0.0230267,-0.498816,0.0742248,-0.275217
-0.773475,0.196551,-1.13924,1.63257,1.15518,0.42224,-0.820045,-0.768731,0.410365,-0.556296,0.420728,-0.26842,0.135335,-0.164929,-0.304057,-0.884237,0.938168,0.0937568,-0.5207,0.206632
-1.1212,-0.655448,-1.15466,0.838223,0.357517,-0.581458,-0.852113,-0.610376,-0.183305,-0.417248,-0.676512,-0.00242135,0.825924,-0.169406,0.881056,-0.745765,0.272636,0.0123004,-1.11801,0.408218
1.14498,-0.253145,0.34326,0.705644,1.4443,1.88281,1.3178,0.620213,1.06575,0.87686,-0.322252,-0.0878689,0.346037,1.38771,1.39833,0.401721,1.06433,0.52985,-0.944746,1.43757
-1.0908,-0.813205,-0.023002,-1.10559,-0.797202,-2.44152,-1.32863,-0.0235609,-0.246593,-0.731046,-1.51692,-1.24119,-1.15189,-1.299,-0.551106,-0.312382,-1.87975,-1.68664,-0.518242,-1.13426
1.65388,0.258807,0.0823169,0.131479,0.0883047,-0.404629,0.380084,0.472863,0.233863,1.36054,1.1607,1.16893,-0.403964,0.672612,-0.255664,0.438112,0.455749,1.37956,1.62184,0.390341
-0.495795,-0.560578,-1.06821,1.21531,0.759175,1.32745,-0.268334,-1.76936,0.0244996,-1.81639,-1.49641,-1.7667,0.839611,0.0152101,1.17556,-1.11583,0.33092,-1.10433,-0.939513,0.920228
0.0590799,-0.843668,0.200849,0.286109,-0.733803,-0.645156,1.09439,0.645678,1.79306,-0.369069,-0.596387,0.659547,-1.13198,0.35242,-0.686837,-0.535899,-0.735103,1.63448,0.315903,-0.899444
-0.834075,-1.39633,-0.131326,-1.52964,-3.48247,-2.47512,-0.581529,-1.27005,-1.2858,-1.26972,-0.290679,-0.541843,1.30042,-0.801529,0.658718,-1.13173,-1.98519,-0.530213,-0.820022,0.313698
0.887078,-0.55692,1.25894,-0.726762,-0.316306,-1.13605,1.0027,1.32377,0.668339,0.927893,1.18049,-0.472,0.118966,-0.294111,1.30717,0.493708,-0.556933,0.146033,1.43118,0.685118
1.49214,0.171435,1.41369,1.47043,1.01447,0.339232,-0.437669,0.946906,1.54731,-0.0870216,1.44165,1.05566,0.305705,0.658034,0.880796,0.652605,1.09773,0.396065,1.34668,1.06159
0.225939,0.607465,1.06012,0.523152,-0.539681,-0.290276,0.560884,0.825997,0.347399,1.1707,-0.651586,1.74517,-0.426597,1.10367,1.82599,1.14821,-0.443717,0.54129,0.432705,1.05465
0.246422,0.454857,0.175979,0.434782,0.334836,1.35188,2.30401,1.08634,1.26992,-0.837407,0.205719,-1.2127,0.19828,-1.76092,0.368702,0.724609,0.912615,2.18781,0.306934,-1.21893
-1.37604,-2.60529,-1.77878,-0.103269,0.387826,0.802529,0.835629,-1.10232,0.328842,-1.15989,-1.89092,-1.09242,1.03662,0.691999,0.0769934,-1.82697,0.108462,-0.740642,-1.33784,0.786248
1.48549,1.73955,-0.489657,-2.25916,-1.0242,-1.26509,1.17843,-0.107234,-0.767492,-2.6141,-0.457774,-2.0716,-1.36671,-0.558087,-1.68222,1.27105,-0.564579,0.0724449,-2.02079,-0.454724
-0.802815,0.626327,1.34233,0.167617,-0.247502,-0.208663,2.70722,2.53361,2.84537,0.543591,1.87488,0.766324,-0.329578,-0.485059,0.0212241,0.575643,-0.262623,2.70135,1.63033,-0.532726
0.667523,-0.0201856,1.20808,0.867523,0.855819,1.08749,-2.15342,-1.82473,-1.89782,0.02465,1.27985,1.23353,0.379761,0.936806,1.09843,0.194583,0.94125,-1.96146,1.41848,0.604714
0.271585,0.098133,0.711218,0.143089,0.195285,0.968372,0.583101,-0.13936,-1.29382,-0.249122,-0.159397,-0.411418,0.943977,0.855586,1.89719,-0.0527415,1.04576,-0.0916341,-1.08154,0.647991
1.49256,-0.107933,0.748997,-0.940063,-0.728154,-0.252671,0.69721,0.454694,-0.291468,0.111093,0.52212,1.2041,-0.752046,0.90931,1.97044,0.708345,-0.950661,-0.635617,-0.125051,0.379053
1.51036,1.06719,0.489007,0.890198,0.0540289,1.75055,0.499139,0.497925,0.693499,1.41424,1.72042,1.64937,1.59791,-0.279664,0.665128,1.26499,0.86308,0.494563,1.71837,0.568271
-2.80926,-0.689631,-1.68896,0.128312,1.22052,0.0823881,-0.0136963,-0.764804,0.713665,-0.230945,-0.665693,0.918004,-1.26992,-0.956385,-0.365338,-1.76867,1.05257,0.502136,0.334548,-0.447828
0.377095,-0.00164492,-0.238856,0.505214,0.459346,1.04026,-0.52446,-1.36843,-0.519096,-0.708037,0.583877,-0.306936,0.438242,0.991085,0.364308,-0.239251,1.28055,-0.840742,-0.073006,0.659054
-0.304851,-0.929197,1.26025,1.3092,0.0587039,0.637654,-0.652981,0.941094,-1.10075,-0.167555,-1.66685,-1.19543,-0.496355,0.291162,1.00795,-0.813064,0.878763,-0.490821,-1.33217,0.354188
0.82843,1.33621,1.91022,-1.26088,-0.838885,-0.058264,-1.21872,-0.173762,-0.620653,-0.235635,0.534734,-0.875292,1.18961,0.586749,0.401368,1.3864,0.0250736,-0.821468,0.0575308,0.880562
0.346316,0.633762,-0.385649,-1.21958,-3.12764,-1.19653,-0.634948,-0.191771,0.354692,1.36339,0.863609,0.492164,-0.811419,-1.18074,-0.735388,0.376514,-2.03221,0.229292,1.78399,-1.21784
2.39556,0.572069,0.877948,0.306964,1.08591,0.493242,1.37542,0.14066,0.544797,0.348783,0.31207,0.348725,-0.865006,0.0348839,0.585769,1.14892,1.19912,1.0175,0.192712,0.441393
0.806276,0.20618,-0.512237,1.41605,0.0113998,0.624308,0.119254,-0.228141,-0.245406,1.203,1.43803,0.944227,0.0272532,-0.0660369,-0.416728,0.266838,0.974352,0.0140187,1.32348,0.238681
0.470431,0.24169,-0.734704,0.827205,0.515413,1.5243,-1.15608,-0.543548,0.318313,1.13738,-0.235751,0.609913,-0.399719,0.0935382,-1.9984,0.548306,0.585329,-0.185193,0.383026,-0.311971
1.03558,-0.379975,-0.176457,1.2211,0.124546,0.600655,1.19109,-0.0589542,1.03699,0.311103,1.07721,0.842296,0.581196,2.05502,0.775352,0.232509,0.0508656,1.34627,0.973914,0.21172
1.78694,0.277141,-0.910335,0.238107,0.288879,-0.355987,0.281147,0.983181,0.893622,-0.205968,0.394171,0.532838,-1.05761,-0.685906,-0.416313,0.825958,-0.471797,1.2055,0.117766,-1.04711
0.529116,1.47065,0.556873,0.0967308,0.0267649,-0.217799,1.21721,1.67212,2.52577,0.437912,1.18321,0.774505,-0.180564,0.272884,-0.473827,1.01997,-0.728057,1.63258,0.8258,0.868286
-2.20577,0.0663918,-0.932563,-1.14987,-1.08787,-0.640183,-1.20516,-1.68971,-1.3901,-1.43989,-0.537475,-0.884067,1.62175,0.236406,0.531655,-0.167959,-1.51991,-2.61834,-1.5137,0.61441
0.602881,1.26747,-0.539371,-0.918945,-0.0862858,-0.295622,-0.66017,0.213358,-0.197749,-0.337453,-1.38849,-1.3972,-0.0163657,-0.587786,-1.21772,0.249171,-0.485855,-0.141244,-1.55144,-0.991171
0.466076,-0.360026,0.414549,1.35644,-0.539259,0.356809,1.88489,0.867584,1.06624,0.184889,0.578751,1.55867,0.609939,1.11088,0.566812,0.353055,-0.0926522,0.973674,0.67507,0.695751
-1.18662,-0.139388,-1.39608,-1.21033,-0.151745,-1.05468,0.368196,1.26403,1.87932,-0.545092,-1.09193,-0.624167,0.397386,0.689575,0.841363,-1.58378,-1.39586,1.18149,-1.59953,0.207134
-0.559411,-0.0470969,-0.313565,0.889424,0.861696,0.225165,-2.00013,0.38278,-0.544944,-1.22582,-0.0295136,-0.156325,0.46108,1.25878,0.808563,-0.572179,0.952141,-0.423769,-0.584911,0.549835
-1.02081,0.302308,1.45076,-0.610701,0.316438,-0.129006,-0.487928,0.846673,0.561096,-0.166559,0.320698,-0.351861,0.12759,0.885988,-0.114989,0.0117055,0.184662,0.23944,-0.419498,-0.16343
1.23324,1.86676,1.26397,-0.184463,0.105873,1.19975,0.547617,1.65788,1.04805,-0.345646,-1.55838,0.384935,-0.149724,0.762852,-1.54186,1.97254,0.383058,1.70341,-0.00955711,0.0976812
-0.826586,-0.102174,0.12717,0.137156,0.689186,0.589534,-0.466508,-0.0440169,0.261573,0.954142,1.19879,-0.169005,-0.63996,-0.877378,-0.276895,-0.554118,0.0811065,-0.319671,1.6033,-0.561611
0.402504,0.258545,0.254519,1.12181,-0.0814971,-0.293651,0.53032,0.258149,2.80618,0.14534,-0.668499,-0.642703,-0.1371,0.951534,-0.604702,0.108892,0.0641008,1.00581,-0.0571962,0.0360809
-1.41291,-0.00409809,-0.84951,-0.376428,0.475213,-0.252842,-0.253251,-0.502484,-0.718237,-0.400241,0.0621858,-1.23464,0.117115,-0.0797844,0.458859,-1.27746,0.759705,-0.560777,-0.999452,-0.1048
0.885645,2.33236,-0.2733,-0.479565,0.261838,-0.409081,-0.968507,0.0982075,-0.48012,-0.290007,-0.773701,0.131718,0.604247,1.09293,1.50001,1.91864,0.389515,-0.613189,-0.357182,1.08172
-1.32049,-0.259018,-0.361522,-1.01044,-1.50243,-1.42815,-1.59251,-1.49407,-1.57924,-1.47855,-1.19072,-1.70148,0.500881,1.06517,0.43723,-0.350205,-1.9821,-2.08897,-1.73746,0.622521
0.754439,0.639668,0.457191,1.35984,0.110789,0.438952,0.0915555,-1.2447,-0.77248,-1.45211,-0.992874,0.00591288,1.90335,0.31971,0.92494,0.86761,0.806662,-0.945556,-0.522645,1.00857
-0.115877,-0.110757,0.960089,0.105684,-0.693048,-1.18053,-0.766738,-0.154486,1.75795,0.890128,0.00154771,0.0632093,-1.8496,-1.04749,-0.924855,-0.482861,-1.26798,0.686438,-0.0693035,-1.39906
0.17926,0.373278,-0.256099,0.428229,0.743808,0.268598,0.548049,0.0893805,-0.666575,-0.184221,-0.336436,-0.0825283,-0.29125,0.211687,1.17863,-0.333111,0.269509,-0.644733,-0.969817,-0.130245
1.37033,0.330446,-0.0812427,-0.13088,-1.80599,-1.42532,-1.55858,-1.74516,-1.51778,0.134826,-0.859193,-0.268666,-1.94402,-2.23388,-2.58646,-0.194334,-1.53116,-1.44609,-0.548188,-2.08217
1.76951,1.28596,-0.104331,0.785812,1.26613,0.342542,0.904192,-0.723737,-0.00820326,0.232343,0.141244,-1.05515,2.21356,0.945916,0.529977,1.05268,1.1771,-0.307561,-0.241224,1.21976
0.643519,-0.590186,-0.705194,-1.3598,0.60763,-1.30465,-1.39294,-2.4745,-3.26708,-0.820753,-1.21095,0.519195,-1.46128,0.997773,0.415039,-0.813613,-0.57735,-1.7188,-0.455018,0.0848206
-0.414148,-1.25,-1.20397,0.3785,-0.313773,-1.9157,0.229101,-0.706511,-0.484975,-0.953478,-0.0243488,0.448912,0.205922,-0.210549,0.206102,-1.5352,-0.332076,-0.702119,0.0148543,-1.01739
-1.34029,-1.13873,-1.57938,-0.0526096,-0.326083,-0.863994,-0.884772,-1.61445,-1.96606,-0.490176,0.320194,0.602438,-1.19294,-0.647467,0.51895,-1.90708,-0.244535,-1.54512,-0.199823,-1.00095
-0.072304,0.852822,-0.0978158,0.231489,0.677346,1.00241,-0.185757,1.0881,-0.729342,0.288196,-1.16218,0.423721,0.440149,0.266068,0.170695,0.888046,0.82614,0.0836635,-0.323803,-0.00733338
-0.564029,-0.494394,-0.295236,-1.42905,-1.99704,0.293722,0.885035,-0.159954,0.471326,-0.481052,-0.378997,-0.525985,-0.160674,0.904732,0.620613,-0.51393,-1.15125,1.03963,0.276799,0.00673777
1.92689,3.13179,1.22936,-0.256606,1.43636,-0.959322,1.80165,2.45028,0.510721,0.857082,1.35736,0.280989,0.159969,0.142496,0.616137,2.87009,-0.0478935,2.31402,1.32519,0.128224
-1.26551,-2.54153,-2.17049,0.258504,-1.29773,0.177884,-2.54972,-3.57575,-2.46168,-2.60487,-3.01119,-2.70506,-0.257112,-0.528612,0.5668,-1.81413,-0.116317,-3.2892,-3.15354,0.141469
-0.470162,0.246935,-0.421155,0.751315,0.697326,0.318762,0.898206,-0.0705772,0.973086,0.713917,1.26024,0.717421,-0.750375,-0.677591,-1.77066,-0.0542874,0.5655,1.00517,0.958606,-1.7166
0.183377,-0.525118,-0.720025,-1.20529,-1.40119,0.535197,-0.0895046,-0.38837,-1.0536,-0.233419,-0.064664,-0.0971101,-0.326112,1.1172,-0.277211,-0.502482,-0.563215,-0.222005,-0.868729,-0.019413
0.386657,0.992219,-0.0544722,0.034668,-0.0406407,1.10117,0.17386,-0.488828,-1.06109,-0.184609,0.749467,-0.31984,0.417892,-1.32674,-0.0101134,0.04387,0.177316,-0.0781616,0.508737,-0.669711
0.689113,0.0501873,0.157601,-0.71647,0.221804,0.0649154,-0.690152,0.120996,0.776978,-1.22679,0.336696,-0.355188,0.17445,-2.04369,-0.690715,-0.165316,-1.04402,-0.444259,-0.373409,-1.14525
1.92407,1.72556,0.512312,2.12669,1.18085,1.60656,2.57201,0.396268,1.40798,0.641324,0.555969,1.43347,-0.0652017,0.269067,0.0639318,1.71219,1.82856,1.38016,1.63054,0.88667
0.579321,0.313588,1.20196,0.51221,-0.0526763,0.535356,0.9733,0.980873,0.919185,-1.34475,-0.18656,-0.971778,0.243409,-0.316724,0.927747,0.612338,0.827065,0.175528,-0.556852,1.35009
0.627668,1.22363,1.03869,-0.657676,2.09759,-0.144867,0.305662,1.86542,1.94174,0.960197,1.75197,1.5721,0.224415,-1.17567,-1.21125,-0.0933489,0.479289,1.84368,1.46976,-1.11187
0.145279,0.657044,1.1419,0.594315,0.975085,1.13655,1.10021,0.228062,-0.283588,0.294615,0.339416,-0.637525,0.317735,-0.365147,0.452102,0.631151,1.22777,0.220836,0.297179,0.294494
-0.731787,-0.3325,0.264086,0.228467,0.906479,0.997854,-0.199883,-1.28776,0.000176287,0.964951,0.541877,1.75282,-0.0775183,-0.135771,-1.03554,0.332363,0.17201,-0.192157,0.918481,-0.597407
0.20051,1.30408,0.932956,-0.697698,-0.887026,-1.53353,-1.20316,-0.07164,-1.20745,-2.31715,-2.72862,-1.60376,-0.19335,0.603597,-0.443798,0.420031,-0.795049,-1.43349,-2.07192,0.468995
0.453007,0.292066,0.853551,1.75559,0.142527,0.505102,-0.385513,-0.750295,0.2968,1.10904,0.738515,1.57455,-0.904653,0.608148,0.853467,0.999942,0.873189,-0.342683,1.16499,-0.298368
0.969924,-1.07142,0.273157,-0.198552,0.550854,0.883289,-1.47004,-0.512047,-0.605875,-0.569245,0.258057,0.367463,0.134009,0.685617,-0.188363,-0.506444,0.992967,-0.282588,-0.0914695,0.906055
0.583022,-1.13978,-1.12198,-2.04086,0.577246,0.460948,-0.105178,-0.215325,0.281342,-0.467171,0.517205,-0.0906642,0.648883,0.81695,0.668396,-0.520419,-1.16841,0.0418851,0.413595,0.578281
0.863072,-0.294106,-0.479695,0.287183,1.29417,0.385627,0.90574,2.06125,0.128559,-0.692528,-0.892916,-0.440029,0.58797,0.970967,-0.120323,-0.0673114,2.15151,0.704185,-0.259845,0.409294
1.69327,0.918086,1.59613,0.742792,-0.710605,-0.375006,0.33419,0.886036,-0.109668,-1.04136,0.0704935,-0.152467,1.1403,0.527605,2.49762,1.72039,-0.0804783,0.815233,0.305219,1.41136
-0.221722,-0.0467725,0.421038,0.388964,-0.684947,1.21908,0.643449,-0.460452,0.420456,-0.870465,0.0707056,0.625626,1.89387,1.01742,0.580368,-0.574871,0.716846,-0.106422,0.0501046,0.718595
-1.00707,-0.90176,-0.867261,-0.52474,-0.282506,0.412098,0.936823,1.26108,0.112103,0.227129,-0.360365,-0.222174,0.333389,-1.12922,0.548632,-1.41209,-0.842013,0.944581,-0.245918,-0.358339
-1.48808,-1.00254,-0.552305,-0.456243,1.00138,-1.50913,-0.437038,-1.28677,-0.731913,1.0324,0.736474,-0.310715,-0.122861,-0.421892,-0.451637,-2.35175,-1.04533,-1.25088,0.323012,-0.666052
0.47491,0.486181,0.460415,0.193783,-0.0542904,0.836209,-0.488523,-0.949545,-0.686396,-0.0819562,-0.241513,-0.529078,0.741074,1.34973,1.27722,0.209398,0.503179,-0.446567,0.608273,1.58831
0.874463,0.139329,-0.463671,-0.00932191,0.445158,-1.03423,-1.24967,-0.978907,-0.380018,0.446077,0.504237,0.292793,1.14889,0.869932,0.983365,0.0714681,-0.319846,-0.416877,0.645962,1.02391
-0.89442,-2.63193,-1.82141,-1.41884,-0.733558,0.358054,1.30365,0.131735,-0.324699,-1.1238,0.214519,-0.141211,-0.640636,-2.59821,-2.50564,-2.65845,-0.33213,0.310158,-0.858995,-2.11485
0.477196,-0.316677,0.666741,-1.10622,-0.18389,-0.259649,1.7398,0.634253,0.931458,1.65407,1.13003,1.11351,1.60952,1.93135,0.325222,0.642464,-0.87338,0.856644,0.799051,1.06302
2.1294,1.01358,0.142882,0.423859,0.721205,1.01809,0.914178,0.940422,0.622656,1.17788,-0.390073,0.422807,0.296147,0.985216,-0.230296,1.51481,0.660477,0.864337,1.5302,1.21134
2.02747,0.863169,1.67674,-1.01838,0.408033,-0.603028,0.268452,0.865504,-1.04867,-0.333187,-0.744605,0.262841,-1.47213,0.335466,0.144381,0.91028,-0.957103,-0.217036,-0.141667,-1.00864
-1.38241,-1.95363,-0.58064,-0.0906287,0.186539,-1.80641,-0.805176,0.0467887,-0.425128,-0.729438,-2.04669,-0.222633,1.05495,-0.463873,1.29572,-1.69792,-0.533116,-0.909828,-1.86253,-0.152334
0.659247,0.744262,0.348912,0.593736,0.552117,0.289651,-0.687539,0.722271,-0.186159,2.09026,1.1868,0.588937,1.52412,2.16704,1.47128,1.81944,0.117747,0.456187,1.08363,1.40733
1.49462,1.85294,0.845306,1.29367,2.14214,0.691073,-1.00416,-1.33628,-0.970372,-0.414528,-0.605578,-0.421772,0.193582,1.41107,0.525554,1.54117,0.790629,-1.56791,-0.301257,1.69686
-1.58766,-0.994428,-1.9162,-1.00653,-2.18068,-1.4778,-0.529145,-1.95921,-0.927919,-0.420007,-0.271944,-0.436679,-1.73662,-1.06917,-1.14645,-2.22966,-2.41244,-1.28558,-0.703882,-1.94787
0.0480762,0.393039,-0.851671,-1.21607,0.0624339,-1.37544,0.35469,0.199773,0.761554,0.140392,-0.221042,-0.465326,-1.37156,-2.04232,-2.58165,-0.0958177,-0.538345,0.346257,0.0795845,-1.70173
-1.10203,0.72629,0.532358,1.37204,0.532666,0.847723,0.620316,1.15548,0.128869,1.34153,0.6749,0.783553,0.490784,0.225113,-0.148842,-0.321259,0.395555,1.11565,1.39725,0.39259
0.195223,0.0786735,0.128584,-0.144528,-0.603845,-1.58788,-1.1536,-0.868613,0.192904,0.431923,-0.394268,0.155509,-0.775031,0.0383754,0.0926323,-0.466261,-0.441059,-0.783795,-0.0519072,-0.10411
0.297653,-1.59278,-0.68232,-0.396272,-2.04098,-0.732308,-1.99823,-1.66584,-0.614037,0.162183,-0.949995,0.132693,0.483336,0.712131,0.605025,-1.21285,-0.922622,-1.2892,0.111188,0.129579
-0.673252,0.256804,-0.482112,1.12115,0.518231,0.31724,-0.742566,-0.931047,-0.595492,0.124038,0.889874,0.50522,-0.0394778,-0.305918,-0.118851,-0.662535,1.08484,-1.02948,0.203712,0.08516
0.052817,0.167304,0.13088,0.317017,-0.409576,-0.632111,-0.390593,1.86515,0.543715,-0.304894,0.734008,-1.46338,0.10494,-0.198272,0.638555,-0.0133967,-0.815644,1.01229,-0.106214,0.029244
-0.411506,-1.12697,-0.424728,-0.467645,-1.53044,-1.47092,2.09245,1.36441,1.09031,0.277753,0.0369875,0.877377,-3.25164,-0.48949,-1.45115,-0.33219,-0.520689,1.38834,0.663049,-1.99796
0.345578,-0.731076,-0.606677,0.454411,0.689226,0.971479,1.80135,2.39142,0.962528,0.318747,0.819636,0.0149399,-0.158713,-1.21013,0.347323,-0.413767,-0.0929266,1.95263,0.672752,-0.772808
-0.765859,1.13727,0.115034,0.959512,0.834138,0.401751,0.337499,0.81263,0.532507,1.30866,1.31108,1.02266,-0.123485,0.373706,0.413601,-0.277274,0.532129,0.573916,1.66637,-0.0110612
0.458647,0.33499,-0.0055695,1.76104,0.798492,2.05097,1.07392,0.351914,0.527713,-0.071468,-0.24384,-0.452819,1.04595,0.196183,-0.321605,0.795622,2.02744,1.10682,-0.128057,0.367775
-2.28778,-2.75175,-2.0208,-0.472084,-0.349526,1.2891,-0.140443,0.661589,-0.00139648,-1.53885,-1.17917,-2.20262,-0.964169,-0.594517,-0.444362,-2.45829,-0.212064,0.52101,-1.51547,-1.18116
-0.293051,0.36998,-0.0908569,-0.0160582,-0.18477,0.177721,1.16232,0.385464,-0.0511496,1.00478,0.529996,0.5374,0.919541,-0.401432,0.0981365,-0.843322,-0.38815,-0.00923207,-0.285121,0.256879
-3.33491,-2.79166,-2.04087,1.19668,1.12467,-0.782231,-0.249041,-1.96173,-0.554731,-2.04036,-2.18201,-1.17902,-1.46327,-1.65171,-1.6375,-2.94339,-0.34308,-1.4534,-1.77981,-1.70104
-0.385481,-1.05642,-0.805808,-1.02113,-0.611106,-1.26092,-0.0245979,-0.0640994,0.577267,-1.7736,-0.877712,-0.29577,-1.43495,-1.08769,-0.728503,-0.478733,-0.75639,0.0239954,-1.10641,-1.64708
-1.79874,-2.00726,-1.88428,-0.857658,-2.14057,-1.02693,-0.191317,-0.480465,0.334716,0.916862,0.213062,0.401322,-0.663497,-0.314478,-0.667456,-1.22374,-1.84487,-0.82227,0.321931,-0.910925
-0.0434909,-1.20679,0.211887,-1.89279,-0.661158,-0.501574,1.37325,0.691905,1.9067,0.348662,0.924776,1.16509,-0.0356035,-0.789228,-1.40313,-0.305236,-0.623889,1.02064,1.209,-1.57467
-0.844088,-0.156226,-1.44983,-0.563978,-0.0533391,0.0304869,-0.106818,0.0804352,-0.951402,-0.890718,-0.167374,-0.518282,-0.546026,0.937016,-1.21904,-0.844476,-0.349042,-0.220257,-0.0930233,-0.119415
-2.09766,0.401539,-1.37561,-0.979287,-1.82945,-0.213625,0.400004,-1.17573,-1.12209,-0.395895,-1.21073,-0.170856,0.913507,0.291945,0.489965,-0.704515,-0.903168,-0.652309,-0.817493,0.712018
-0.175758,-0.093311,0.612338,0.861119,-1.09892,0.351846,-0.649208,0.736922,1.12093,-0.682903,-1.04311,-1.58214,-0.221964,-1.4796,0.218573,0.785365,-0.191737,0.0491847,-0.366789,-0.388202
-0.645818,-0.124923,-0.770698,1.66564,-0.361999,0.920206,0.0208145,-1.36769,0.530784,-0.0136201,0.393772,0.177908,1.46273,1.24879,-0.00949556,-0.848,0.554786,-0.0632713,0.896272,1.59264
0.578554,0.226654,0.668089,-0.748209,-0.875239,-1.05725,-0.514917,0.669025,-1.21644,-1.17806,-0.780683,-1.18052,-1.39028,-0.827742,-1.82552,0.261291,-0.626713,0.437421,-1.57992,-1.23134
1.73608,1.04748,1.00002,-1.55385,-0.239285,-0.155864,1.1913,1.27582,0.695552,0.750139,1.73478,0.280397,-0.0452021,-1.10103,-0.0280099,1.44772,-0.38717,1.80938,1.69726,0.0991709
-0.239337,-0.106897,1.68228,-1.20588,-0.702756,-0.448711,-0.0543015,1.36679,0.138574,0.232319,0.21223,1.30807,-1.47798,0.0967766,0.640335,0.697545,-0.284076,0.56734,0.954571,-0.546217
-0.117212,-0.732748,-0.182482,-0.766625,0.311504,-1.08017,-1.36847,-0.284207,-0.285399,-2.4091,-3.27123,-1.73737,3.89191,1.16674,2.90708,-0.00593237,-1.12699,-1.47724,-3.3165,3.60203
-0.374057,0.919141,0.0564258,-0.319019,-0.285176,-0.102561,-0.487214,-0.688724,0.775005,-0.254511,0.477202,0.48342,-0.00474277,1.26059,1.13534,0.514113,-0.502224,0.403537,0.324349,0.743669
0.786833,2.12193,-0.351099,-0.510685,0.932864,-0.578289,0.328748,1.41536,0.0572426,1.2146,1.89696,0.29731,-0.207543,0.62602,-0.685495,1.14139,-0.473119,1.2187,0.77009,-0.121839
-0.165686,-0.767247,0.114874,1.10756,-0.08652,-1.32029,-1.20115,0.144724,0.304423,0.624759,0.894996,2.22098,0.190984,-0.0580414,1.10551,0.019026,0.0420227,-0.301597,1.01715,-0.474998
0.478737,-0.514478,0.322946,0.751042,0.726491,0.342452,-1.85028,0.0531889,-1.05545,0.964142,0.932551,1.92868,-0.454417,-1.37302,-0.0629007,0.0264532,0.291883,-0.343396,1.7305,0.0761842
-0.14838,-0.306812,0.61758,-2.03459,-2.58876,-1.5557,-0.310357,-0.255087,-2.10801,0.497807,0.660704,-1.63624,-1.43825,-1.12416,-1.13668,0.244538,-2.75586,0.265391,-0.355267,-1.1448
2.41171,2.36593,2.76934,-1.01689,-1.12372,-1.19639,0.323304,0.135658,1.24968,0.132447,-0.0286768,0.496644,1.13767,1.22765,1.31184,1.61234,-1.59856,0.750685,0.198893,1.44912
-0.403797,-0.248834,-1.42582,-0.583405,-0.845676,-0.152264,-0.601551,-0.423594,-0.66324,-1.37883,-0.7253,-0.688476,0.0796493,-1.93731,-1.84176,-0.0850666,-0.597659,-0.924724,-1.25235,-0.931157
-0.373222,-0.638632,-0.668744,-0.11705,-0.23243,-1.06764,0.194109,1.36339,0.497708,1.19512,1.94117,1.502,0.23928,-0.196345,-0.336939,-0.403126,-0.351255,1.62009,2.22534,-1.026
0.0142106,-1.04617,-0.513335,0.816336,0.0433076,0.766383,1.39739,0.772236,1.73717,-0.417515,0.497593,0.203878,1.75604,1.12289,0.761349,-0.546851,0.346107,1.04154,-0.575053,0.812026
-1.72957,-0.571246,-0.450971,-0.878705,-0.054697,-0.384697,-1.08894,-0.233379,-0.300689,-0.712709,-1.47303,-0.862832,-0.808257,-0.666545,0.792253,-1.4243,-0.785912,-1.0557,-1.0797,-0.949202
-0.127448,0.405911,0.0510454,-0.833257,-1.04808,-0.0191765,-0.504747,-0.153847,1.21256,0.579185,-0.719659,0.353822,0.00615871,-0.758523,-0.310492,0.00979344,-0.490607,0.325291,-0.424184,-0.914291
1.83901,0.749449,1.36866,-0.726506,0.0145067,-1.24024,-1.37115,-0.293256,-0.730557,0.426261,-0.15003,-1.43134,-0.0538636,-0.692688,0.726015,1.13941,-0.0818003,-1.34054,-1.23679,-0.323512
-0.412806,0.18887,-0.645675,0.401267,0.562052,0.80911,-0.892821,-0.707953,-0.170268,-0.0517902,0.52743,-0.19993,-1.61599,-0.565181,-0.395,0.55796,1.0132,0.449087,0.17704,-0.0424858
-0.393835,-2.18267,0.265506,1.6131,1.02171,0.330897,-0.60736,0.531054,-0.258829,-0.654953,-0.313029,-0.334084,1.25652,0.82172,0.959461,-0.527903,0.413289,0.0471093,-0.962179,1.64669
-0.274082,-0.465658,-1.0905,-0.460936,0.78856,-0.196058,-1.05039,-0.544936,-0.96699,-1.03251,-0.0170194,-1.17251,-0.807975,0.492898,1.12728,-1.47581,-0.305854,-0.43946,-1.31183,-0.0789148
-2.73862,0.0497358,-0.393457,0.052898,-0.00387422,0.53575,-0.703942,-0.671357,-0.287076,-0.386274,-0.968878,-1.10187,0.651078,0.217125,0.567299,-1.22773,-0.125832,-0.598353,-0.304342,0.573411
1.22947,0.302975,1.51821,0.444614,-0.211686,-0.582888,1.67324,2.48021,0.995121,0.483437,-0.516389,1.16316,1.96715,1.02677,1.21092,1.03345,0.19583,1.0739,1.2306,1.40384
-0.0578939,0.269078,0.459779,0.197351,0.81702,0.15992,0.290494,0.0637677,0.21867,0.993627,2.1436,-0.146562,0.902164,0.3033,-0.68813,0.244596,0.0790076,0.0487517,1.2906,0.488872
1.4063,0.308257,-0.00695341,0.951504,0.125035,0.472775,0.0396805,0.489406,-0.0251121,1.5173,-0.162518,0.438631,-2.59491,-0.752753,-0.297657,1.3738,-0.170628,0.906891,1.24877,-1.27314
1.11422,1.79006,0.391851,1.08768,0.890365,0.336861,0.827931,1.55693,1.43873,1.21826,-0.347078,-0.188943,-0.934417,-0.82508,0.32679,2.0511,0.658596,2.3638,0.499576,-0.69416
0.140217,-0.262757,-0.130375,-0.20006,-1.39081,0.00082213,-0.317674,-0.787082,-0.617336,-1.24702,0.477479,-0.106492,1.27471,1.01355,0.995687,0.347292,-1.0754,-0.67404,-0.114947,1.28201
-0.525845,0.293534,0.604413,0.339366,0.0147553,-1.01284,-0.411042,0.515128,1.07317,-1.16159,-1.80143,0.551977,0.641202,-0.375436,1.70184,-0.133169,-0.601438,0.572731,-1.08511,0.43313
1.26201,0.882178,-0.995207,0.494601,-0.20797,-1.26624,0.407313,0.769735,1.97474,0.7751,0.965351,-0.437971,0.723792,0.245235,0.398359,-0.467128,0.251111,1.07016,1.24966,0.755179
0.592773,0.238362,-0.229118,0.660796,0.861832,1.03781,0.924375,-0.150873,0.784537,1.74157,1.47193,1.65984,-0.867029,-0.737381,-1.17086,0.297115,0.646619,0.873758,0.961953,-1.2009
-0.188963,0.867408,0.469468,1.21993,0.640917,1.40969,-1.2576,-0.0778833,-1.23332,0.0225023,0.585805,0.141626,-0.617414,0.543967,1.03331,-0.21258,1.24277,-1.04661,-0.0529997,0.199583
-1.12161,-1.36552,-0.216277,-0.775686,-1.78067,-1.78334,-0.191352,0.317279,-0.657263,-1.4192,-1.51817,-2.7604,-1.18515,-0.337718,-0.794621,-1.02956,-1.25378,0.103858,-1.97427,-1.08867
-0.147828,-1.15638,1.14918,0.891939,0.0555235,1.46125,0.0859618,0.030488,1.72437,0.175543,-0.334816,-0.79924,-0.601465,-0.685184,-1.9036,0.00438377,1.69947,1.84597,-0.481674,-0.990925
-0.366583,0.150784,-0.612217,-1.52828,-2.41254,-2.2245,0.380481,-0.663295,-0.338477,-2.35252,-1.91947,-1.63201,-0.660924,0.121488,0.118736,-0.952055,-1.8165,-0.685453,-2.20889,-0.492203
2.01842,1.56105,2.38458,0.358864,0.847031,1.31021,0.63343,0.274089,-0.719414,-0.654498,-0.645826,-1.29649,0.227983,1.16429,0.329896,1.69536,0.991207,0.253249,-0.0736561,1.19815
0.576881,0.367039,-0.0700862,-0.209361,-0.333603,-0.641579,0.499125,0.322621,0.08299,-0.637269,-0.0244177,-0.701052,-0.230622,-0.0526881,0.118534,0.883894,-0.127756,-0.0199881,-0.946511,0.826685
1.357,-0.547012,0.0114905,0.551146,0.753079,0.137036,-0.580414,0.185011,-1.08643,-1.67676,0.698094,-0.736527,0.473812,1.19486,-0.276042,0.207362,1.19152,-0.121704,-0.668308,1.60151
0.237391,-0.99322,-1.44822,-0.309527,-1.42698,-1.13208,-1.02775,0.118213,-0.393826,-1.21292,-0.931592,-1.188,0.541573,2.14779,0.710814,-0.820914,-0.452845,-0.763807,-0.703732,0.825847
0.0703019,-0.238405,0.676438,1.01027,-1.48827,1.50608,0.158527,-1.30353,0.372143,0.844327,-0.646079,-0.0894648,0.862842,-0.077825,-1.22713,0.133127,-0.150697,0.377099,0.375459,0.0373263
-0.6509,-0.506628,0.3342,-1.66472,-2.32983,-0.607929,0.29479,-0.491219,0.797662,0.716949,1.01532,0.893658,-0.822448,-0.073346,-0.714481,-0.318587,-1.60801,0.0566935,0.951956,-0.536124
-0.889399,-1.02802,-1.6913,-0.709629,0.453358,-1.18587,-0.492915,-1.71505,-1.22257,0.253633,-0.572524,0.92879,-1.84407,-1.20066,-1.16452,-0.969859,-0.747766,-0.857904,0.49228,-1.69558
0.338889,-0.704241,0.730903,-0.903686,-1.00667,-0.298425,-0.162078,-1.26103,-0.367159,0.75209,1.06967,-0.144942,-1.80905,-1.24493,-1.30721,-0.0542231,-1.59841,-1.28741,0.491586,-1.84882
0.632575,0.319781,0.978404,0.79569,0.736809,-0.0405337,0.0965059,1.10001,1.63817,0.344662,0.466789,1.00721,-0.5014,0.168129,0.527245,1.191,0.820545,0.91398,1.74361,0.43516
0.343242,0.0701472,-0.548153,-0.79885,-0.567894,0.819725,-0.727577,-0.792076,-1.38351,-0.481634,-0.406849,-0.737746,-0.356076,0.0224118,-0.194537,-0.714524,0.227617,-1.15885,-1.94501,-0.817483
0.74755,-0.101793,0.557292,-0.171839,-0.497626,0.474179,0.911875,0.875444,0.215007,-0.420431,0.810807,1.18892,-1.07726,-0.342771,-0.430171,-0.139296,0.23844,0.564099,0.36962,-1.06478
-0.333145,0.707207,0.176802,0.468193,-0.356597,-0.172567,-0.17082,-0.230832,-0.472101,-1.18864,-0.0948644,-1.0783,-0.32932,1.10962,0.521956,0.375355,-0.241336,-0.388489,-0.64866,0.302342
-0.432942,0.202275,0.20093,-0.230811,1.06216,-0.271836,-1.68561,-0.738158,-0.463352,-0.557335,-1.43041,-2.22821,0.608551,0.891691,0.334602,0.322564,0.674091,-0.669853,-1.7527,-0.121301
1.1206,-0.227817,0.528349,0.270368,-0.241928,-0.625811,0.00285112,1.58954,2.23391,-0.77323,-0.377589,0.387707,-0.909551,-0.271394,-1.50059,0.67567,-0.686117,1.19432,-0.473613,-1.16305
1.40083,-0.021531,0.634264,0.0598543,-0.552174,-1.95185,0.899667,1.24764,1.88573,0.356306,-0.146216,-0.10686,0.17491,1.22086,2.24921,0.592158,-1.09534,1.34116,0.297179,0.762497
0.519554,-0.227754,0.323935,-1.04978,-0.348674,0.0551994,-0.472434,-0.996368,-1.34399,-1.01243,0.622979,-1.48955,1.54585,-0.263959,1.08804,0.509267,-0.339918,-0.545213,-0.0130569,0.843146
0.755498,0.152913,0.605035,-0.372692,0.886391,-0.192861,-0.942875,0.40077,0.23481,-0.0537919,-0.393508,0.82049,-0.745438,-0.79719,0.399599,0.543144,1.18641,0.289854,0.412086,-0.112365
1.95602,0.835418,1.33883,-0.395519,0.702788,-0.197379,1.91021,1.60409,-0.12718,0.91194,2.27573,1.36251,-0.0312216,0.531167,1.28833,1.00167,-0.181005,0.577027,1.08846,0.21571
-0.290501,-0.57234,-0.0745751,0.0924006,-0.790914,-0.138365,1.38893,0.947207,0.00474457,0.146169,0.802056,-0.426924,-0.503869,-0.364833,-0.349556,-0.209015,-0.0456541,0.465608,0.0190865,-0.0652143
0.838799,-0.466794,-0.280889,-0.351774,-0.342689,0.130397,0.815374,0.0924284,-0.0160454,0.0882493,0.323906,0.0231607,-0.877182,-0.432087,-0.449429,-0.231878,-0.397558,0.0962309,-0.0537466,-0.0200345
1.24597,1.57175,0.623558,-0.477569,-0.146163,-0.0455264,-0.129127,-0.0610315,-0.85298,0.221884,-1.12858,-0.535332,1.36781,1.29441,1.78082,1.22683,-0.340158,-0.16583,-0.285408,2.00939
0.895552,1.16218,-0.309161,0.15934,-0.298558,-0.748419,1.69891,0.618881,1.67106,-0.20775,0.205413,-0.119888,0.351455,0.942462,2.43475,0.685482,0.201812,1.41942,0.0392398,0.963524
-0.352352,0.583488,0.580995,-1.94403,-1.32031,-2.11656,-0.407253,-0.565196,0.906314,-0.518577,-0.626109,-0.288192,-1.23705,0.0720043,-1.54021,-0.409717,-2.42071,-0.818422,-0.845931,-1.86153
0.155905,0.529975,1.12858,0.936632,1.76569,1.60795,1.31898,1.74498,1.17522,0.191244,1.6447,0.314714,-0.432392,1.47729,0.226036,1.33863,1.50421,1.52978,1.93932,0.450157
0.270619,0.0362054,-0.393266,0.694766,-0.0796041,-0.764715,0.744012,-0.33935,-0.0189613,-0.44398,-0.146175,-0.14968,-0.0251859,-1.8886,-0.807283,-0.287942,0.311201,1.33285,0.066569,-1.28108
-0.0868455,-0.445352,-0.542841,0.191074,-0.403158,0.934082,1.34258,2.24175,1.85663,-0.935397,-1.23467,-0.164029,-0.785333,-1.10243,-1.321,-0.117586,1.20086,2.58403,-0.2414,-1.10454
-0.423593,0.402467,-0.210732,0.436682,-2.01901,-0.921036,-0.0461119,-0.665885,-0.537283,0.306301,0.381693,-0.389086,-1.27149,-0.831659,0.400546,-0.303773,-0.744921,-0.120366,0.228927,-0.951169
-2.42861,-0.256852,-0.313357,-0.648721,0.0442221,-2.1679,-0.313173,-1.04344,-0.471752,-0.614303,0.132721,-1.44674,0.0261617,-0.13517,-1.60767,-0.768208,-0.529717,-1.0122,-1.25697,-0.284389
-1.47299,0.135968,1.16061,2.19514,2.39494,2.00479,0.487483,0.294306,0.615606,0.582427,0.0192456,0.863732,2.88618,1.65851,2.38711,1.08297,2.11229,0.773774,0.0953751,2.98403
-1.80603,-2.49284,-0.89804,-0.396292,-1.75897,-1.15247,-2.11262,-0.793318,-1.52073,-0.794672,-1.58817,-1.17422,-0.460325,0.373268,-0.665833,-2.0759,-1.44476,-2.18322,-1.62288,-0.185673
0.586744,-0.0174161,0.347632,-0.344855,-0.454565,-0.864026,-0.990923,-0.368987,0.49697,-1.05291,-0.658791,-1.40198,-0.0399876,0.0275054,0.330344,-0.0626834,-0.10363,-0.215657,-0.951649,0.211109
-0.911964,-0.682996,0.0522629,0.502595,-0.951835,0.79326,1.60437,1.14308,1.0657,-1.37771,-1.35858,-0.666653,-0.868472,-1.68874,0.419411,-0.223982,0.681655,0.71097,-1.09307,-0.81557
0.0538374,0.183223,0.0641828,0.904516,0.748015,0.12492,0.792174,0.55043,1.07234,0.483347,1.02334,-0.618631,-1.4217,-1.68126,-1.18086,0.158,0.634762,0.322281,0.514972,-0.533258
0.19121,1.32186,-0.239496,0.494608,2.75745,0.905456,-0.71525,-1.59207,-1.85641,-1.02945,0.383156,-0.492433,-0.439432,-0.667926,-0.49494,0.432256,0.560774,-1.21715,0.0530416,-0.441083
-0.425722,-2.18195,-0.890831,0.244503,0.178225,-0.1418,-0.291698,-1.01448,1.06214,0.643728,0.144554,0.372819,1.02308,0.795391,0.621022,-1.60623,-0.108951,-0.0111283,-0.650493,-0.256966
0.954147,0.114792,1.339,0.543921,1.76205,1.17268,0.192359,-0.203269,0.561421,1.82468,0.752606,1.67018,-0.314202,0.658932,0.924321,1.15361,1.74654,0.928708,1.11684,0.666367
-1.15639,-1.20588,-1.57677,-0.867073,-1.39453,-1.7815,-0.729401,-1.58572,0.331242,0.896621,-0.331454,0.45856,-0.699158,-0.199288,-0.0892259,-0.579752,-0.722567,-0.945078,-0.101197,0.147837
-0.682526,-1.63716,-1.29659,0.453664,-0.792985,-0.0407643,-0.738978,-0.0288828,-0.913407,0.771635,0.057112,-0.820291,-0.43878,-1.83399,-1.8423,-1.62945,-0.101459,-0.476315,0.500642,-1.30415
1.38106,0.0654027,0.905895,-0.380667,-0.531036,-1.22589,0.684778,1.4977,0.174027,0.498639,0.0985699,0.396498,-0.949702,0.261276,0.577614,1.73531,-0.875192,0.747407,0.534473,-0.0577994
1.20405,0.158894,1.74392,-1.31945,0.281834,-1.13416,0.5651,1.46905,0.0628935,1.02575,1.13919,0.731559,-1.83917,-0.947526,-2.00514,1.22542,-1.49048,1.05538,1.24974,-1.04764
-2.2948,-1.06746,-1.27472,-2.19764,-1.67986,-0.13167,-1.2203,-1.55011,-1.34298,0.862254,-2.01668,-0.687796,-2.00307,-1.31552,-0.909642,-1.28989,-1.04016,-1.43506,-1.74958,-1.17508
-1.63875,-1.78442,-1.718,-1.13501,-0.645617,-0.452194,-0.804916,-2.57494,-2.37641,-1.93333,-1.12025,-1.81799,-0.0143665,-0.931099,-0.135669,-1.46724,-1.41347,-2.38115,-1.99486,-0.459906
0.81591,1.15003,0.377323,0.740304,-0.337048,-0.0384526,0.457166,-0.516763,-0.14976,0.0339965,1.28748,1.41992,-0.447797,0.340667,1.21285,1.24683,0.723491,0.757363,1.34009,0.562774
1.11086,-0.343077,1.14768,-0.60185,-1.14579,0.636529,0.408472,1.09057,0.707367,0.704269,0.614181,1.38491,-0.348772,-2.33001,-0.231779,0.397332,-0.222373,0.664569,0.917843,-1.15543
0.296264,0.0677826,-0.0592518,0.055532,0.283229,1.33425,-0.0295639,0.916302,-0.613043,0.436135,0.653154,-0.0932058,-0.0309125,-0.0276243,-0.388435,0.894909,1.2131,-0.105615,0.296758,0.151372
0.47881,0.0380467,0.425021,-0.452829,-1.48992,-1.61027,0.274164,-0.669467,-0.587653,0.320438,0.0562949,0.386866,0.404831,0.683365,0.215435,0.616214,-1.10061,-0.560213,-0.037856,0.383741
0.634891,0.6962,-1.00464,1.09412,1.11393,3.01637,-0.680915,-0.971218,-0.481271,-0.470445,0.0312542,-0.0363553,0.825091,0.584964,-0.413958,0.245888,2.10917,0.0733709,-0.0747528,-0.314832
1.19831,-0.188639,0.0829228,-0.449755,0.226722,-0.00723338,0.927184,-1.23393,-1.769,1.00067,-0.346949,0.392279,0.0152705,0.727971,-0.647177,0.874158,0.0103243,-0.663831,0.169389,-0.0818527
-0.174992,-0.311989,-1.39973,-1.27377,-0.958836,-1.56096,2.05461,1.79107,3.27483,0.258934,0.536142,1.60878,-0.272116,0.111395,-0.855106,-1.38659,-1.16418,2.02182,0.845572,-1.246
-0.326619,-1.15933,-1.77202,-0.465107,-1.48446,-0.901516,-1.42458,-1.54531,-1.42707,-1.38152,-1.63541,-1.42914,0.788266,0.429706,0.50986,-1.54316,-0.880444,-1.96907,-1.25039,0.767833
0.474253,0.795812,1.09922,-1.14572,-0.577008,-1.79529,-0.0735961,-0.129339,0.0594945,0.500199,-0.421641,-0.491253,-0.414594,1.48828,1.08434,1.29748,-1.49839,-0.0253732,-0.873805,1.24819
0.917832,-0.408343,-1.07174,-0.116575,-0.300742,0.858271,0.156923,-0.0869008,1.06142,0.0330979,-0.388601,-0.0189863,-0.126657,0.0453886,-0.5448,0.49517,0.102797,0.738717,0.629362,0.440856
1.42484,-0.376624,1.02825,1.78102,2.10869,0.959305,1.10024,-0.453759,0.579728,0.955755,-0.400572,0.804203,0.0620843,1.84141,1.0763,0.20585,2.02561,1.13121,-0.0058431,0.331488
1.4448,0.960221,0.623708,0.768501,-0.369017,0.0650552,-1.01242,-1.08047,-1.64712,1.45429,0.586046,0.629413,0.533324,2.08301,1.31785,1.58747,0.384016,-0.721246,1.08358,1.40194
-1.98979,-1.47833,-0.710624,0.681139,0.980619,0.781205,0.382732,1.48778,1.34102,-0.310796,0.0602614,-0.860729,-1.46007,-1.63919,-1.57879,-1.68311,1.16838,0.780666,0.565531,-2.1647
0.354865,1.32744,-0.719926,-0.309137,0.938377,-0.0953595,0.301134,-0.855446,-1.1293,0.643178,0.0858268,0.430273,0.150194,0.654263,0.626179,0.414419,-0.089588,-0.0468953,0.14201,0.79886
-0.339881,-0.838295,-1.51038,-0.267606,-1.65211,-5.90017e-05,-1.31125,-0.854693,-0.529766,0.240308,0.452728,-0.724872,0.10352,0.041384,-0.983209,-1.62,-0.256982,-1.11822,0.109793,0.00644922
0.0133648,0.814224,-0.0315099,-0.58378,0.715503,1.08822,-0.948658,0.0588641,-0.713179,0.246471,1.04207,1.86399,2.08238,0.164186,2.54134,1.50985,0.578314,-0.161244,1.51283,1.70686
-0.134619,-0.12318,0.751058,-0.576839,0.00323189,0.601357,0.065191,0.111023,1.54478,-0.642077,0.271701,0.252984,-1.29635,0.050624,-0.751606,0.129876,-0.782138,0.678756,0.276477,-0.680021
0.339621,0.443071,-0.810072,1.15504,-0.674035,1.19986,0.1225,0.827117,0.257739,0.286681,-0.0804471,0.286738,-0.248129,-0.840947,-0.034501,0.0239683,0.449882,0.250254,0.200574,0.129623
0.159684,0.909738,-0.0259798,0.0903965,0.366091,0.192843,0.623975,0.328731,0.479723,0.564591,1.45847,0.474386,-1.15897,0.0104762,-0.554671,0.287747,0.262696,0.0122489,1.67514,-1.11168
-1.88227,-1.02852,-0.778165,-1.08894,-1.04559,0.130983,-0.0370446,0.742079,-0.0360779,-0.194165,0.397547,-0.0105632,-0.529785,0.361579,0.29615,-1.75696,-0.8978,-0.00518251,-0.0159395,0.0345682
1.52651,0.462482,1.18733,-0.60622,-0.108388,0.2415,0.153122,-0.151799,0.61182,-1.19264,-1.09686,0.779249,1.06041,1.68118,1.14487,1.75733,0.489347,-0.198357,-0.266478,1.55026
-1.74704,-0.731694,-0.0144714,2.49408,1.33251,1.45458,-0.65829,-0.203235,-1.29835,-0.963431,0.286317,-0.958158,1.01375,-0.363454,-0.4789,-0.0675648,1.79634,-1.26749,-0.49031,-0.0494093
-0.340621,-0.802599,-0.30809,-1.0326,-1.21223,0.502419,-0.246863,-2.08865,0.26137,2.59195,2.93159,3.45934,0.313952,-0.282003,-0.535268,-0.0820352,-0.588595,0.0746016,3.21529,-0.292432
-1.72964,-0.17281,-0.159081,-0.451286,0.817748,1.56255,0.551323,-0.213085,-0.990959,-0.301261,1.06492,0.537004,-1.48547,-2.31114,-1.21001,-0.399247,0.374993,-0.772082,0.0580262,-1.68768
-0.253889,0.700206,0.429737,2.83636,0.315929,0.493099,0.781837,0.938678,0.139587,1.45848,0.0570741,0.270906,-0.579516,-0.782482,0.744371,0.072806,1.0898,0.523835,0.482022,0.506151
0.613992,-2.12886,-0.690935,-0.399826,-0.871594,0.76264,-0.0419252,-0.0434337,-0.855781,1.78076,-0.260417,-0.293128,-0.294283,-0.446636,-0.709443,-0.681034,-1.12207,-0.0639888,-0.0337833,0.0143757
0.31215,-1.76241,-0.542226,-0.799074,-1.58518,-0.740723,-0.471548,0.0251846,-0.649737,0.376363,-0.44176,0.657828,-0.552279,0.677819,0.813219,-1.68481,-1.7557,-0.695905,-0.564233,0.54397
0.672067,0.689508,0.208478,-1.02125,-0.667228,0.601813,0.444044,0.598708,1.34504,0.922288,0.789612,-0.548199,0.878394,-0.698507,0.787635,1.02074,-0.526693,0.30073,0.852114,0.238526
1.34255,-0.0734167,-0.661108,0.246178,-0.872974,-0.144333,0.386675,-1.76384,0.57556,0.739323,0.0360716,-0.192065,0.593815,0.991278,0.803964,0.288559,-0.259773,-0.563503,0.649135,0.864009
1.10747,1.14023,0.496905,-0.216935,0.686391,-0.415661,-0.150496,-1.0739,0.0861137,-0.679417,-0.0406859,-0.244502,1.39394,0.327144,1.98805,1.02685,0.0964145,-0.48263,0.384512,0.631877
-0.184803,-0.435531,0.0574555,-1.73398,0.341212,-1.04271,0.613551,0.745287,-1.10292,-1.0764,-2.25577,-0.893846,0.475898,0.76256,0.756193,-0.456297,-1.18918,0.0593587,-0.538698,0.302238
0.898672,0.472492,0.677538,-0.481909,-0.773337,-0.236483,0.408329,0.250878,0.565784,1.48972,0.657491,-0.804362,0.471326,0.315749,0.607918,1.27666,-0.672769,0.496672,0.427998,-0.244821
0.819426,0.745698,0.905447,1.60814,0.314609,0.92773,0.826004,-0.271991,0.658526,0.31672,-1.12783,-1.3647,1.42421,0.143036,0.674404,0.944433,1.24567,1.10765,-0.471924,1.22938
1.01987,0.82891,1.75436,-0.04741,1.20257,-0.634679,-0.264214,-0.210599,0.505036,1.01052,0.0872292,-0.483928,3.21702,0.853638,1.05388,1.29998,-0.357996,0.68998,0.884884,1.84009
-1.72333,-0.606045,-2.13367,-1.64964,-0.678207,-0.755734,-1.50751,-0.552181,-0.493647,1.39994,-0.322956,-0.177782,-0.440819,-0.608621,0.593908,-1.93012,-2.04028,-1.07965,0.0225706,0.524069
0.519694,0.531359,-0.0973292,0.955817,-0.619307,-0.11537,0.930469,1.7604,1.79264,0.395326,-0.0538818,0.539254,-0.462647,-0.94449,-0.265845,0.451563,0.387571,1.96276,0.426885,-0.870691
0.00977898,-0.592222,0.212941,1.62515,1.15593,1.36327,0.447225,1.24256,1.40845,-0.557777,0.259679,-1.22297,0.165156,-1.02481,0.705474,0.318577,1.98048,1.41265,0.478871,-0.0317217
1.03876,0.171136,0.639357,0.0658816,0.636133,-0.135219,2.77198,1.43338,1.89607,0.962282,1.06755,0.723277,-0.303095,-0.594243,-0.022837,0.981731,0.108673,1.87067,1.22349,-0.231572
0.143044,1.43301,1.23689,-0.313843,1.74783,0.457587,-1.19158,0.0916606,0.265441,2.0104,0.861018,0.796797,2.30117,2.2224,1.98235,0.999829,1.02767,0.097947,0.815007,1.72575
-2.09046,-2.0328,-1.32196,-0.147413,0.174931,-0.0182386,-0.91853,-0.543802,-0.207635,0.0737954,-1.29239,-0.588704,0.627521,-0.0854786,-0.305965,-2.00223,-0.125879,-1.09405,-0.650577,-0.529278
0.713862,0.723534,-0.38747,0.223334,0.115384,-2.02222,-1.39063,-0.393482,-0.417328,0.579372,-0.333878,-0.360669,-1.21969,-0.457103,-1.71936,-0.647769,-0.792199,-0.864881,0.248708,-1.09061
-0.904684,-0.419307,0.27707,-0.16057,0.294131,-0.00226631,-0.639482,-1.12399,-0.313308,-0.474731,-0.120309,-0.493016,-0.687831,-0.122325,-0.44303,-1.12738,-0.0997636,-1.42146,-0.308108,0.0920048
0.310073,0.483961,-0.153151,-0.166983,0.535897,0.355989,-0.158188,-1.0043,-0.544195,0.943098,0.178706,-0.266589,-1.05872,-1.35398,-1.39014,-0.320449,-0.481205,0.115422,1.02849,-1.10323
-0.02384,-0.042515,0.264431,1.48627,-0.178436,0.222132,1.06642,0.696396,-0.097397,-0.376256,0.448368,-0.863094,0.0671146,-0.623465,0.372455,0.0415136,1.0606,0.170562,-0.598689,0.135936
1.16211,1.17793,0.336531,-0.70808,-1.91434,-1.79593,-1.14093,-0.548267,-0.205066,0.0419361,1.60909,1.36024,-1.9809,-0.137057,-0.186343,0.722727,-0.88461,-0.747417,1.61408,-1.00897
0.48617,-0.339151,0.0074925,1.46566,1.61541,-0.407112,-1.18877,-0.701232,-0.686341,-0.29571,-0.0967359,1.63541,-0.355419,-0.0307614,-0.0900388,-0.00283876,0.1467,-0.494346,0.0690536,-0.505358
0.28531,0.343811,-0.147682,0.835195,-1.0064,1.05793,-1.32806,-0.497934,-0.0366938,-0.291582,-3.1842,-1.63142,2.92507,0.526793,0.891151,0.242074,0.515118,-1.09748,-1.87572,0.800696
-2.295,-0.781836,0.225921,-0.00917597,-1.18363,0.20436,1.07932,-0.8567,0.988046,-2.45284,-2.00807,-2.33142,0.233721,0.228978,0.779596,-1.05066,-0.349629,0.296492,-1.38972,1.08264
-0.237119,0.269005,-0.588475,-0.859392,1.05285,0.020262,0.784877,-0.526444,-1.1632,-2.72318,-0.744396,-1.44813,-0.969204,-1.30744,0.0376807,-0.399852,0.392916,0.107114,-0.869485,-0.945107
-0.0447719,-0.117911,0.146748,1.99,-0.494521,0.24562,-0.165375,-0.647454,-0.655357,-0.219016,-1.0257,-0.491927,-0.409052,-1.92521,-0.553065,-0.499042,0.0362032,0.0744325,-0.93774,-0.654391
-0.517242,-0.447932,-1.3087,-0.23921,-0.482224,-0.344796,-1.26871,-0.213124,-0.702231,-1.51066,-0.865726,-1.52054,-2.50893,-2.1144,-1.40981,-1.13819,-0.44401,-0.617776,-1.27625,-1.39151
-0.258906,-0.333981,0.209794,-0.098248,0.177332,-0.702675,-0.760645,-0.638334,-0.809977,-0.840153,-0.990276,-1.04755,-0.287459,-1.69672,-0.0359479,-0.55762,0.479476,-0.864712,-0.908159,-0.259406
1.22395,0.563962,1.09769,-1.4785,0.199404,-0.68072,1.22117,0.616152,0.218917,0.32069,-0.493441,0.385452,-0.553513,0.00701039,1.03021,0.907268,-0.305187,0.672745,-0.596289,0.0213838
0.709465,0.55142,0.0778257,0.430838,-0.110595,-0.379007,-0.278848,-1.03482,-0.631679,0.52386,-0.211885,0.0184541,-0.352734,-0.956867,-0.37597,0.0855913,-0.116418,-0.177881,0.238909,-0.526488
-0.953009,-1.44395,-2.20636,-1.53314,0.0827889,-0.314448,-1.13807,-1.37135,-1.13148,1.28561,0.735237,0.72189,-0.765523,-0.110356,-0.168127,-1.83774,-0.472677,-1.71938,1.26482,-0.502054
0.0793461,-0.131179,0.66733,1.15171,0.153399,1.77622,1.51977,1.90337,0.815207,1.0492,1.2752,0.649425,1.4034,0.0429942,0.15925,0.50385,1.89566,1.14268,1.00994,0.789186
-0.721959,-0.975257,-0.272456,0.487871,1.30342,0.275461,1.56434,2.31429,-0.513491,-0.444974,-0.00243208,-0.608342,-0.568848,-1.24786,-0.594049,-0.705236,1.00193,1.58631,-0.375417,-0.934954
0.260669,0.406158,-0.0887359,-0.583928,-0.000741841,-0.0541877,-1.75041,-1.86146,-0.303941,0.0901614,-0.307914,-0.205854,0.187729,0.0993262,-1.11002,0.352326,0.490817,-0.655055,0.485605,-0.520104
-0.834444,-0.200687,-0.883742,0.185808,-0.512689,-1.29402,-0.517162,-0.959438,-1.76368,0.154192,-0.310126,-0.959174,1.09359,1.61031,0.924585,-1.14953,-0.713024,-1.77112,-0.723911,1.25232
-1.62182,-0.258895,-1.06543,0.260259,0.946692,0.471174,-0.417655,-0.8093,-1.57218,-0.0995463,0.524382,1.09876,1.14669,0.124837,0.967423,-1.24976,0.674674,-1.7565,1.07049,-0.181379
1.0176,0.720938,0.967869,-1.67726,-0.934857,-0.274269,0.422466,0.755885,0.415891,-1.0257,0.266259,0.0668504,-0.110877,-0.546686,-0.982053,0.792949,-0.537562,1.46902,-0.0723034,-0.37518
2.23696,1.39905,1.8033,1.19356,1.71264,0.426719,0.879556,1.04104,2.33862,0.123091,0.230385,0.765117,0.976805,0.852723,0.685821,1.94309,1.60004,0.824474,-0.313063,1.15325
0.663601,-0.170224,0.194932,1.0805,1.56565,1.42076,1.43757,0.881448,0.712848,-0.840346,0.2245,-0.468781,1.75407,1.26075,-0.154571,0.522839,1.61951,1.50517,-1.21496,0.293678
-1.13202,-1.0345,-0.393453,-1.34537,-2.06812,-1.95821,-0.81612,0.507874,-0.388625,-1.49771,-1.13313,-1.94395,0.476417,-0.622457,-1.16262,-0.952019,-1.78354,-0.0693363,-1.20407,-0.685307
0.647989,0.953316,-0.151397,0.17847,1.57691,0.538341,-0.389599,0.387628,-0.361302,-1.45372,-0.91562,-0.139201,0.160629,-0.516719,-0.171319,0.17447,0.550079,-0.327705,-0.524648,-0.370895
-0.426769,1.02392,-0.187211,0.182447,-0.705542,0.223797,-0.641503,1.23854,0.103412,-0.44621,0.602421,0.44782,1.13175,0.59275,0.70284,-1.42697,-0.524036,-0.774779,-0.688976,0.0874733
-0.949941,1.36981,-0.227811,-0.333029,1.0957,0.654964,0.0511442,1.10715,1.02792,0.264593,0.339666,-0.663704,-1.47348,-0.000833072,-1.4285,-0.054359,0.094554,1.19791,0.0104466,-0.633468
-1.21598,0.189309,-0.901599,-0.469485,-1.62981,-0.89658,-0.0860606,-0.795415,1.52665,-0.988716,-0.850231,-0.282511,0.484522,-0.342098,0.330295,-0.00852035,-0.175201,-0.263549,-0.285171,0.258158
0.736814,1.65502,1.8539,0.0796093,-0.683413,0.0479446,-1.1898,-0.680612,-1.56208,0.852992,-0.7533,0.755728,1.17097,0.687952,-0.38854,1.68746,-0.600263,-1.16247,-0.0569644,0.316269
1.85226,2.24107,1.67569,-0.597113,0.140064,0.935127,0.188732,0.211265,0.126036,-0.0143824,-0.530162,-0.716017,1.02179,1.03363,1.54082,1.88165,0.329717,-0.830996,-0.140619,0.99601
-0.820491,-0.588309,0.128539,-0.491414,-0.28729,0.246626,0.0487274,-0.288171,-0.345634,-1.19743,-0.261601,-0.623546,-0.587772,0.307479,-0.278296,-0.318815,0.216407,0.205229,-1.2123,0.762313
-0.652877,-0.480257,-1.53018,-0.193169,1.06673,0.692927,-0.034636,-1.78017,0.0200416,1.0698,0.6701,0.0285898,0.95898,0.393037,0.259291,-0.374697,1.04066,-0.737302,0.303878,0.531237
-1.30261,-0.683569,-0.295827,-0.202722,-0.181342,-0.630286,1.55628,-0.104975,0.0242744,0.941661,-0.643437,-0.137323,-0.65388,-0.804869,0.0930386,-0.542628,-0.645198,0.57937,-0.322804,-0.934628
0.375752,-0.719315,-1.19973,1.57519,0.440098,1.3643,0.423533,-0.322207,-1.23458,1.02518,-0.262146,0.0633572,-1.88596,-1.20188,-0.670551,-0.407931,0.410128,0.25145,0.39803,-0.976503
-1.72037,0.0388164,-1.13146,-0.0931519,-0.236432,0.1952,0.00470588,0.357678,0.306515,-0.571846,-2.3341,-2.017,-2.06378,-1.1555,-0.714206,-0.488874,-0.262531,0.0371131,-1.51935,-0.915212
0.733427,0.13566,1.20078,1.25813,0.271633,0.411866,-1.38067,-0.821136,-1.04186,-0.268847,-1.07054,-0.706962,1.94096,0.00436248,1.65624,0.839436,1.17554,-1.36508,-0.129732,1.18773
-0.619847,-1.04857,-0.771506,-1.39436,-1.77221,-0.962508,1.39938,0.218835,1.356,-0.0102018,-0.117543,-1.27906,-2.34358,-1.04393,-1.6798,-1.44949,-1.87984,0.405398,-0.55548,-2.50798
-0.497327,0.797647,0.626544,-2.29444,-1.01327,-2.21935,0.200707,0.183626,0.934423,-1.51746,-0.911287,-1.62581,1.16075,1.14582,1.47458,1.03404,-2.61053,0.927842,-1.7849,1.1919
-0.588609,0.534014,-0.350533,-1.17557,-0.244603,-0.396647,3.00489,1.69962,1.23705,-0.969751,-0.301059,0.0197988,0.17942,-0.880535,0.755892,-0.308736,-0.118714,1.98733,-1.26162,0.0380055
-0.636284,-1.81733,1.01509,-0.210621,0.57726,-0.852443,-1.37133,-1.6039,-1.04926,-0.480703,-0.492957,-0.446,-2.00708,-1.86264,-1.1807,-0.889732,-0.285977,-1.78963,-1.10479,-1.53959
-3.00554,-0.81242,-1.08387,-0.552927,0.0670341,1.94281,-1.12474,-0.997332,-1.41103,-0.455666,-0.705632,-1.1307,0.493723,0.174763,1.57652,-2.20423,0.248717,-1.99136,-0.743791,0.507373
1.3475,2.29408,0.823671,0.344108,0.848515,1.09637,-1.69816,-0.553233,-0.514396,2.29166,2.19949,2.77331,1.61123,1.68754,1.17397,1.89853,1.07488,-1.16393,3.01803,1.62467
0.339255,1.32753,2.07041,0.743958,1.26444,1.08894,0.553502,0.717153,0.162247,1.43035,0.226689,0.919097,0.449283,0.662726,-0.0537409,1.69288,1.22944,1.01645,1.26837,-0.680095
-0.267389,-0.0918642,-1.15686,2.36291,1.0327,0.0822365,-1.01019,0.764348,0.493495,-1.05888,-2.43234,-1.19724,0.614242,0.277097,0.927329,-0.315254,1.39414,0.22972,-1.04978,1.0582
0.347062,0.122891,1.58781,0.438372,0.269354,-0.751641,-1.25252,-1.48341,-1.81341,0.255138,-1.48676,-0.0215936,-0.247735,-0.607891,0.0216603,0.65314,0.0526816,-1.72888,-0.484744,0.19109
-1.18668,-1.38062,-0.88475,-0.857638,-0.308211,-0.0449194,-1.768,-2.17089,-1.95012,-1.03887,-1.73719,-0.889393,0.847357,0.528901,0.0372586,-0.477694,-0.814875,-2.65566,-1.29939,1.09896
-0.496212,0.388906,0.563126,0.0989871,1.06286,-0.131886,2.11224,1.68717,1.09343,0.823631,0.499737,2.1908,-0.362929,-0.706961,0.715225,0.221983,-0.609815,0.852782,1.5172,-0.698355
2.46748,0.623666,1.60967,1.49389,0.147535,-0.56397,-1.44808,0.0645867,0.594128,0.850915,-0.310381,-0.0988884,0.416014,1.12052,0.0886573,1.23933,0.93453,-0.11731,0.0207147,0.0534923
0.426364,1.79289,-0.288322,-0.918909,-0.023331,-1.42929,0.0567037,0.395577,-0.904068,0.482206,0.5961,1.63314,0.240035,-0.654256,-1.18568,0.741024,-0.944514,0.597658,0.603195,-0.552739
-1.45963,-1.04397,-0.504634,1.54685,0.824323,2.60324,-2.03222,-0.27396,-0.609986,-0.433207,-0.945854,-0.125243,2.11886,2.75672,0.057657,-0.389319,1.51677,-0.253182,-0.482363,1.45221
1.58691,0.803754,1.05049,1.56415,1.87042,0.712321,0.286886,1.83253,1.56401,1.00489,1.5943,1.51896,-0.741568,0.22134,0.462693,1.73052,1.38562,2.00446,2.30204,0.222585
0.554206,-1.45027,-0.701273,-1.01664,-0.594476,-0.456792,-0.327494,-0.937147,-0.503373,-0.445711,0.742705,-1.11882,-0.849909,-1.14867,-1.41457,0.116589,-1.9625,-1.26177,-0.241222,-0.970392
-0.215001,-1.17056,1.22392,0.385876,0.368851,-0.296014,-0.741583,0.374452,-1.02675,0.980985,0.495648,0.0990843,-0.173896,-1.29217,-1.79146,-0.536556,-0.107272,-0.551435,0.253837,-0.774924
0.299503,0.773314,1.0557,-0.60738,0.0739262,-0.499206,1.31165,-0.260127,-1.06892,-1.58932,-1.44771,-0.583638,-0.982675,1.43907,1.82105,0.748936,-1.38518,0.142368,-1.5213,0.81152
0.57026,0.122815,0.177515,0.621113,-0.837346,-0.354324,-0.148646,0.389613,0.631777,0.84962,0.0466598,0.384101,0.497809,-1.96945,-0.753026,0.434518,0.568807,0.265234,0.516676,-1.53507
-0.606699,0.0254605,-0.443593,1.44613,-0.303188,-0.0148196,1.56859,0.697119,1.22364,0.433905,0.305107,-1.11401,1.21084,1.5717,-0.657438,0.10979,0.00442411,0.988231,0.0208492,0.0207201
1.22354,1.16584,0.151594,-0.959243,0.169137,0.491287,0.864011,0.595211,1.76585,0.207636,0.269013,0.215963,-0.897483,-0.0139704,1.14805,0.407322,-0.474677,-0.023854,-0.37205,-0.468843
2.61618,2.82297,1.90974,-0.173005,1.18836,-0.136213,1.05965,1.20422,1.67908,0.775298,0.46032,0.572877,0.58906,0.247473,0.892623,2.8211,0.165496,2.34826,0.687113,0.52928
-1.88341,-2.24452,0.136299,0.546865,-0.679853,0.107333,0.111381,-0.79826,-0.0479166,-0.970935,0.127187,0.16841,0.868204,1.20534,0.6797,-1.4385,-0.252812,-0.987374,0.155848,0.990759
-0.0315231,-1.27157,-0.758285,-0.590227,-0.827378,-0.138949,0.645666,-0.583516,0.796576,1.13876,-0.723184,0.374246,-0.385738,-0.235271,-1.1561,-1.35237,-0.217073,-0.0655688,-0.0871377,-1.47809
0.96902,0.629663,2.01271,1.31964,-0.178418,0.0630352,1.22304,0.109372,-0.474668,-0.843141,-0.227197,-0.514261,0.278378,0.873442,2.86764,1.37209,0.0398492,0.698691,-0.446198,0.941179
-0.555953,-0.935278,-0.270049,0.607364,-0.685144,0.189708,0.608342,0.568576,0.148667,-0.0634573,0.784601,-0.142659,-0.294394,-0.746612,0.33882,-0.837857,0.321434,0.363001,-0.0174609,-0.973587
-1.4183,-1.13573,-1.84408,0.736088,-0.229742,-1.21268,0.553468,0.028397,-0.0852428,-0.716532,-0.97507,-0.96726,0.228274,-0.411832,-1.58655,-1.54933,-0.551422,0.400829,-0.0122178,-1.3208
0.430085,1.49022,1.32746,0.752555,-0.0175032,-0.0213815,-1.20938,-0.87201,1.76785,1.56325,2.45816,2.05646,0.672911,1.61635,-0.19718,1.39147,-0.0439267,-0.0624924,2.30509,0.223284
0.0419703,0.264545,0.232282,-0.951599,-1.3751,0.0766032,0.548591,1.44812,1.83931,1.55686,0.494255,-0.0450094,-1.15882,-1.1608,-0.289965,0.911825,-0.439151,0.724151,0.633298,-1.07761
0.186989,1.18698,0.715771,-0.543115,-1.77606,-0.131522,-0.0783797,-0.109942,-0.113901,-0.973663,-2.39001,-0.449312,1.69992,0.811279,0.836656,0.836348,-0.175008,-0.191682,-1.96879,0.0197235
-0.830103,-0.341436,-1.46941,-0.228914,-0.299919,1.47967,1.45137,1.12753,0.36623,-1.78158,-0.367117,-0.943108,-0.688145,0.541105,0.0406864,-0.434086,0.246528,0.180478,-0.78668,-0.281269
-0.252908,0.271309,0.395652,-0.0459588,0.214106,-0.918999,0.220777,0.374345,1.29716,0.700946,1.43673,2.2018,-0.534491,-1.26821,-0.229012,0.195664,0.642874,0.388202,2.35413,-1.05123
-0.858082,0.102325,0.380896,1.49243,-0.499341,-0.548756,-0.818173,-1.28048,-1.14572,-1.18455,-1.07412,-1.20058,0.426972,0.718972,-0.177957,-1.22645,0.846193,-0.894817,-1.83882,0.469407
-0.00886689,0.739923,0.811146,0.241878,0.408375,0.0030208,0.736405,-0.184689,0.986573,-1.05544,-0.558939,-0.0774871,-0.444372,-0.222969,0.171855,0.377375,1.41928,0.386056,-1.02039,0.223171
-0.0841197,-0.693959,1.5786,0.371101,-1.17899,-0.126349,0.261978,-0.75627,0.00269802,0.309828,0.487356,-0.83108,0.932765,1.5869,-0.0514028,0.294272,-0.658804,-0.892721,-0.487126,1.89544
-0.6526,-1.62208,-0.0470312,-1.98514,-1.48588,-1.38407,-0.153459,0.657604,0.0860413,-0.962828,-0.476042,-0.396378,-0.726745,-0.28127,0.42999,-0.632463,-2.39719,0.0690248,-1.21659,-1.01963
-0.311448,0.0566292,0.2124,0.57952,0.11194,0.817531,1.18268,0.373202,1.19962,-0.694642,-1.19474,-0.417805,0.665049,1.09019,0.00452916,0.195535,0.927284,0.674559,-0.568648,0.587145
0.439917,0.0101984,-0.734802,-0.424741,-0.522492,0.101982,-0.115203,-1.06198,-1.53246,-1.54607,-1.31407,-0.279324,-1.49039,-0.34039,-0.00890651,-0.526361,-0.0891877,-0.690546,-0.526421,-0.889342
0.604464,0.602333,0.165285,-0.404646,-0.195115,-1.53115,0.424521,-1.25889,-0.2028,0.550618,-0.699866,-0.220361,1.64753,0.789712,-0.0544873,0.610613,-0.521292,-0.849245,0.78193,1.02775
0.158844,0.584032,-0.435586,-0.900455,-1.72555,0.131146,-0.961039,-0.83091,-0.131682,-0.894154,-1.02698,-1.09844,-0.892645,-0.809238,-0.458691,0.00624551,-0.884914,-0.825595,-0.0865211,-0.618117
1.38355,1.58238,1.69051,-0.560852,-0.387988,-0.986673,-0.0993726,-0.0670444,0.372005,-0.722832,0.503818,-0.872998,1.05394,1.4979,1.16587,1.44789,-0.642515,-0.421021,-1.23185,1.7412
0.102416,1.10305,2.08202,-0.18114,1.19554,-0.849193,1.37764,1.50759,1.47142,-0.488163,-0.375987,0.702147,-0.816302,-1.12562,-0.929091,0.773141,-0.0899775,2.28206,0.194465,-1.54902
1.41282,0.70269,3.35059,2.17492,1.01768,0.957544,1.42986,1.30413,2.10637,1.57897,0.23713,1.12113,0.0101122,-0.816219,0.811184,1.2941,1.83387,1.64172,0.84562,-0.207166
-0.317141,0.216125,0.663741,1.34481,-0.0654607,-0.140525,0.703364,0.228825,-1.09721,0.367241,0.181305,-0.439191,-0.199987,0.535416,-0.214261,0.107873,0.127485,-0.815157,0.464369,-0.514708
2.29152,1.91151,0.824865,-0.00789332,-0.90257,1.66191,0.843943,1.98912,-0.262437,-0.355425,-0.152763,0.430739,1.06862,1.21794,1.87175,1.7862,0.198668,0.993352,0.292726,1.19422
0.793831,1.08772,0.50007,1.82961,0.775736,0.942723,0.0469534,0.625886,0.0019997,0.000684931,1.42684,0.981369,0.507983,0.114812,-0.240421,0.885162,0.870956,1.12751,0.518479,0.283179
-0.551726,0.806047,-0.563632,-0.526338,-1.56989,-2.92222,-1.51214,-1.01666,-0.858793,-1.31194,0.407395,0.279162,-1.03254,-0.753209,-1.39753,-0.516348,-1.36938,-0.371637,0.624735,-1.26994
-0.857291,-0.475888,-0.684878,-1.17562,-0.863177,-0.850602,-0.879465,0.314658,-1.43562,1.43059,1.89075,1.87057,0.297438,0.027672,1.11457,-1.60422,-0.959101,-0.142528,2.00592,0.639415
-0.809594,0.977464,0.587584,0.588435,0.702566,1.13032,-1.37409,-0.549949,0.200268,0.694313,0.696382,-0.643686,0.774068,1.09072,-0.0398022,-0.337364,0.336471,-0.946773,-0.544471,0.88714
-0.599992,-0.791605,0.0854828,0.157419,-0.295643,0.0256745,-0.503748,1.66876,0.71619,0.564407,0.713083,-0.66683,-1.60194,0.61265,-0.0957245,0.0380385,-0.230826,0.243362,-0.558064,-0.111102
0.645186,1.91915,0.436103,-0.129991,0.343555,1.14622,0.516527,0.271574,-1.58433,-0.971912,-1.36212,-0.028278,1.01974,1.17676,2.09876,1.00591,1.11481,0.264784,-1.06208,1.46616
-1.58993,-1.61694,-0.881858,0.785064,0.310084,0.864629,0.128892,-0.22111,-0.412902,0.073998,0.44764,0.292813,1.45662,1.21316,0.684925,-1.69287,1.39924,-0.196686,-0.0722397,0.524161
1.25291,0.149754,-0.0956034,-1.11744,-0.155188,0.385371,1.03006,0.93789,0.594381,1.11491,0.779279,-0.217753,-0.260418,-1.04054,-1.17882,0.457331,0.434567,0.810309,0.0936307,-1.82778
-1.25423,-1.03784,-1.50673,-0.507057,-0.322486,-0.90373,-0.322979,0.805023,-1.27426,-1.13215,-2.08699,-1.54602,-1.46884,-1.30881,-1.20802,-1.47477,-2.07123,0.00117348,-2.14156,-1.15528
0.314564,-0.596854,-0.845003,0.149118,1.13025,0.671234,0.335115,0.798261,0.64494,-0.302993,0.55899,1.11861,-1.821,-0.564193,-0.963585,-1.01304,-0.17261,0.612401,-0.423968,-1.66992
-0.504751,0.0827336,-0.401273,1.69521,0.848531,1.52599,0.434131,1.94798,1.38149,1.6263,-0.524262,0.70854,1.45049,0.981506,1.55133,0.559633,1.4038,0.562242,0.141498,1.26644
-0.958782,-0.988052,1.21773,-0.204828,0.0914474,-0.203745,0.757581,0.409853,1.13963,-1.52579,-1.25239,-0.156961,0.0795778,-0.7606,-0.686403,0.698986,-0.110486,0.518368,-1.20638,0.189562
0.0851646,1.22402,0.771577,-0.274997,0.686426,-0.149055,0.19132,0.972713,0.1403,0.216866,0.664136,-0.410017,-0.902804,-0.737082,-1.21633,0.540418,-1.03623,0.760251,0.690665,-1.64964
-0.161698,-1.02504,0.441879,1.00799,0.00850821,1.56392,-0.35771,-0.747509,-0.319833,0.441433,0.557362,0.276585,-0.322107,0.364164,0.339377,-0.47773,1.22702,-0.912547,0.7042,-0.135377
0.873448,2.05225,0.750647,0.314644,1.73053,0.425639,0.859031,1.6252,-0.112748,-0.00203765,-1.8324,-1.33393,1.54605,1.09334,1.7734,1.24222,0.959495,1.10873,-0.800271,1.71565
1.57634,1.58051,0.771185,0.381769,-0.313638,0.547549,-1.16798,-0.694373,0.680939,-1.25001,0.348887,0.13348,0.719264,2.08154,0.680681,1.85214,-0.734797,0.214353,-1.17213,1.65307
-0.593166,0.64944,-0.907621,-0.514333,-0.183083,-0.0996488,1.25342,0.463893,-0.371638,-1.65134,0.130425,-0.585324,-1.30465,-0.67147,-0.668463,-0.0534904,-0.190512,-0.69716,0.0744184,-0.183421
-0.381088,-0.404529,1.31363,-0.358072,-0.363075,1.60471,0.26841,0.698095,-0.676301,-0.622679,0.447071,0.0602231,-1.4681,-1.91675,-1.2385,0.0705515,-0.174067,0.427958,0.68735,-1.99582
-0.861833,-0.800987,0.064425,-1.54917,-0.439977,-0.343468,-1.19299,-1.06943,-1.03132,-0.750588,-0.162375,-0.401842,0.752158,0.164003,0.782805,-0.556483,-0.800116,-1.16832,-0.121841,0.620822
-0.00212251,-1.48991,0.123971,-1.09231,-2.19424,-1.29385,-0.307502,1.14599,0.333468,0.717871,-0.545255,-1.01615,-0.590321,-0.612141,-0.0743648,0.0572021,-1.33717,1.06462,-0.406447,-1.06609
0.392301,0.687032,0.777764,1.91078,1.05654,1.9234,1.09009,1.3038,1.89957,-0.928231,0.00893139,-1.12145,-2.76886,-1.66118,-1.23635,0.254265,1.80341,1.65942,-0.215544,-1.94341
-0.812311,1.54454,-0.228519,-0.048112,-0.491031,-0.275622,1.34887,0.919616,-0.612356,0.48376,0.442801,0.36008,1.44513,1.02142,0.740152,0.0185649,-0.257575,0.699497,0.668026,0.497356
-1.02558,-1.21619,-1.61221,-0.671551,-0.824553,-0.599448,-0.282333,-1.76449,-0.801238,0.0908117,0.597061,-0.159766,0.607614,0.272894,0.847799,-0.815869,-1.12561,-1.83182,-0.752471,0.6746
-0.418392,-1.55488,0.187797,0.447991,0.958381,1.83775,1.74894,0.930552,0.575347,0.000594574,1.37535,0.102987,-0.908256,-0.787423,-0.371062,-0.432973,1.1855,0.608911,0.570524,-0.834947
0.464055,-0.531808,-0.665491,-0.957523,-0.789497,-1.07007,-0.187058,-1.2406,0.361142,0.613033,-0.462459,0.762191,0.654053,0.107339,0.891617,-0.740495,-2.01147,-0.848096,0.048359,-0.0708416
0.726232,0.79287,0.883674,-0.934717,0.484708,0.18927,0.509693,0.398391,-0.172755,1.12549,-0.569875,0.240851,0.526253,1.682,0.284508,0.555584,0.560777,-0.211586,0.27819,0.918837
1.20464,-0.390613,-1.01018,-1.20664,-0.927348,-0.150691,-0.951555,1.01035,0.497995,-0.467378,0.31335,0.151173,1.03382,0.747373,0.453982,-0.493796,-0.96195,-0.726002,-0.905247,0.689901
-0.426457,0.408715,1.35255,-0.0438935,0.107809,-0.556264,0.24967,0.283056,-0.538077,-0.449055,-0.332343,-1.48746,1.04017,0.553005,0.389857,0.995356,0.375751,-0.408593,-0.802562,1.30148
0.6514,2.38877,-0.0571197,-0.613582,-0.00804006,0.660603,0.756443,0.333523,0.297243,3.33624e-06,-0.194732,-0.139096,0.0271711,-0.968633,1.05633,0.672012,-0.629911,0.253695,-0.64798,-0.202529
0.317389,0.702368,1.19642,0.658646,-0.72858,-0.98881,-0.279076,0.303259,-0.378488,-1.0597,0.203516,1.8424,-1.82163,-0.406784,-1.7394,1.41917,0.562677,0.147789,0.729472,-1.0776
1.88287,1.41304,0.344762,-0.607101,-0.500661,0.42455,0.25091,0.848617,0.869529,-1.10491,-0.572348,0.658644,1.12765,0.554659,0.53873,1.15914,-0.43267,1.2015,-0.430349,1.52399
0.668428,-2.54112,-1.61619,-1.06001,-0.312765,0.0294874,-1.3216,0.0976484,-1.72313,-0.625614,-0.560063,-0.328254,-0.763348,-0.991098,-1.03105,-1.7285,-0.65375,-0.423492,-0.329084,-0.878776
-0.568975,-0.0626491,0.233028,-0.882999,-0.213007,-1.1703,0.172677,-0.486583,-0.0265047,-0.972895,-0.735404,0.290726,-0.51774,-0.415115,0.890663,-0.0969201,-0.553114,-0.301538,-0.0573609,0.0922881
-0.894826,-1.13539,-2.15113,-0.18966,-0.111438,0.0357545,-0.262378,0.0327539,0.473694,0.466692,0.0771783,1.05369,-1.64718,-1.86056,-2.66033,-0.644937,-0.565375,1.00787,1.17691,-1.9513
-0.986692,0.498889,-0.527633,-0.834202,0.584229,0.564502,-0.91318,-0.603078,-0.706418,-0.823456,-0.384122,-1.06247,0.662232,-0.201377,0.102133,-1.05975,0.10128,-1.08561,-0.482768,0.523279
-0.972019,-0.904991,-0.3657,1.15865,0.842722,0.756099,-1.01544,0.749103,-0.175059,-0.519474,-0.56779,0.0607023,-0.34511,-1.07827,-1.6705,-0.421826,0.743101,0.108771,-0.207083,-1.52154
0.675413,0.262336,1.3683,-0.193395,-0.230486,0.0479077,-0.48896,-0.160876,-1.61463,-1.78895,-1.4619,-0.74186,-0.49083,1.29393,0.284211,0.130642,-0.0179437,-0.888442,-1.79977,1.02388
2.28454,0.980314,1.902,0.804579,0.189852,1.39146,2.24335,2.02851,1.28297,0.92905,0.306731,-0.832329,1.20172,1.70262,0.662681,1.9666,0.889296,2.56839,0.407868,1.44917
-0.315852,-0.129239,0.483632,0.14187,1.61727,-0.0145194,-0.194119,-1.59183,0.347747,-0.8057,-1.7706,-0.449577,-0.233761,1.0047,-0.465243,0.174447,0.468431,-0.269005,-0.981209,0.199944
0.492884,-2.56551,0.778664,-0.920346,-0.815859,-0.0693652,-0.875206,0.252535,-0.830473,-1.69362,-0.625181,-1.26038,-1.68853,-0.161491,-0.436748,-0.21311,-0.121012,0.204757,-0.165623,-1.12259
0.571909,0.777338,0.311524,-0.652089,-0.109173,-0.533961,0.160162,-0.33735,0.301255,0.421405,0.102161,0.417878,-0.674382,-2.5897,-1.45139,0.640665,-0.818512,0.301543,0.264047,-1.57897
-0.815544,-1.23773,-0.719897,-0.383374,0.0390769,-0.613864,0.852317,1.41252,0.820802,-0.434988,-0.0117787,0.608602,0.841285,-0.0520714,-1.21183,0.112352,-0.907644,1.41856,0.399216,-0.534142
-0.545753,-1.50543,0.62392,-2.0206,-1.81648,-0.858276,-0.304183,-0.885923,-0.181838,-1.88741,-1.33171,-2.13495,0.491366,0.500925,-0.757511,-0.806138,-1.60675,-0.909778,-1.66909,-0.163782
2.28706,0.347764,0.34946,0.0486156,-0.150914,1.06094,0.168421,-0.175323,-1.5086,0.215086,-2.02293,-1.25562,0.288121,0.609271,1.33059,1.22741,0.558911,-0.503091,-1.25917,1.00459
1.15335,0.953146,-0.386278,-1.0228,0.596508,-0.274755,-0.636771,-0.340457,-1.55404,0.917911,-0.813481,-0.144673,-0.873134,-0.745219,0.703572,0.715659,-0.0715595,-0.501002,0.115619,0.372096
-0.137077,0.96744,0.243601,-0.0702396,-0.393831,-1.96383,-0.0754939,-1.18841,-0.0530317,-1.3739,-0.310906,-0.958038,0.626448,1.14536,0.0787649,-0.261968,-0.129,-0.138321,-0.602066,0.105103
0.359186,0.616478,1.36732,1.11282,1.00719,1.20908,-1.02744,-0.400477,0.265234,1.23481,0.533496,0.368549,-0.245125,-0.615098,0.291372,1.08195,0.89278,0.22696,1.25234,0.829188
1.98491,1.01271,1.50751,0.101998,1.97234,2.18735,1.68589,1.27127,0.601688,1.65035,0.0699384,0.829588,-0.340487,-0.786684,0.169402,1.14279,1.34366,1.11968,0.932967,-0.473481
-0.698678,-0.41525,-0.165085,0.73439,-0.80447,-0.887378,1.09957,1.76362,0.824235,1.31749,2.17535,2.0794,-1.08041,0.14278,-0.0634633,-0.112599,-0.0992116,0.840534,1.75753,-0.711186
0.702319,0.0492365,-0.183043,-0.0793913,0.389645,-0.275795,-0.868458,0.0918571,0.41939,1.27723,1.60331,1.84646,-0.721762,-1.1558,-0.919374,0.628343,-0.164616,0.492138,1.80459,-1.09091
-0.00032161,0.383728,0.236583,1.87006,1.71212,1.42633,0.526521,1.99419,1.03694,0.255789,0.787032,-0.151816,-0.101982,-0.778418,1.47875,0.399504,0.667342,1.32708,0.0643842,0.172467
0.104123,0.728394,0.530339,-1.60478,-0.797419,0.376912,1.17127,0.98319,1.5534,-0.188239,-0.560118,0.215095,1.18294,-0.698587,-0.710588,0.995906,-0.288428,1.65691,-0.816797,0.00849945
1.44737,0.146434,1.71719,-0.385987,1.05069,0.0767207,0.0984492,-0.268029,0.700504,-0.217212,0.182214,1.30368,-0.0053825,0.790391,-0.119621,1.32473,-0.0919184,0.0579886,0.838141,0.810602
0.580001,-0.303319,1.31918,0.283291,1.4422,1.66138,-0.649138,-0.0164588,1.24606,-0.0439806,-0.634967,-0.615254,-1.12996,-0.149648,-1.10203,0.463311,1.3207,0.0133544,0.346373,0.172528
-0.373506,-0.135046,-0.695349,0.203369,0.089546,-1.53641,0.930661,0.827638,1.23803,1.76967,1.33308,0.583045,0.571208,0.898971,1.08373,-0.514795,0.123474,0.486632,1.5609,0.52256
0.517146,-0.882107,-2.65063,0.190187,1.34766,-0.951172,-1.81528,-0.506488,-0.371039,0.0221279,-0.0921915,0.00881654,-1.3091,-1.49137,-1.10364,-0.39059,-0.0144455,-0.921179,0.614576,-0.539772
-0.0835133,0.508335,0.68665,-0.152267,-0.976659,-0.597338,-1.61156,-0.449108,0.377743,-0.00429942,0.468863,1.70288,-0.28411,1.6045,0.356939,0.1399,-1.27647,-0.668486,1.21178,0.663646
